Workbook

Sheet SK 제외 그림 게시용
D2: 아이폰14 시리즈
C4: ▣ 아이폰 14 | F4: SK | H4: KT | J4: LG
E5: 번호이동 | F5: 카톡문의 | H5: =게시용!J40 -> 46.3 | I5: 만원 | J5: =게시용!M40 -> 68.3 | K5: 만원
E6: 기기변경 | F6: 카톡문의 | H6: =게시용!K40 -> 61.3 | I6: 만원 | J6: =게시용!N40 -> 79.3 | K6: 만원
C8: ▣ 아이폰14 + | F8: SK | H8: KT | J8: LG
E9: 번호이동 | F9: 카톡문의 | H9: =게시용!J41 -> 71.2 | I9: 만원 | J9: =게시용!M41 -> 104.8 | K9: 만원
E10: 기기변경 | F10: 카톡문의 | H10: =게시용!K41 -> 79.2 | I10: 만원 | J10: =게시용!N41 -> 113.8 | K10: 만원
C12: ▣ 아이폰14프로 | F12: SK | H12: KT | J12: LG
E13: 번호이동 | F13: 카톡문의 | H13: =게시용!J42 -> 81 | I13: 만원 | J13: =게시용!M42 -> 98 | K13: 만원
E14: 기기변경 | F14: 카톡문의 | H14: =게시용!K42 -> 91 | I14: 만원 | J14: =게시용!N42 -> 109 | K14: 만원
C16: ▣ 아이폰14프로맥스 | F16: SK | H16: KT | J16: LG
E17: 번호이동 | F17: 카톡문의 | H17: =게시용!J43 -> 116.2 | I17: 만원 | J17: =게시용!M43 -> 133.2 | K17: 만원
E18: 기기변경 | F18: 카톡문의 | H18: =게시용!K43 -> 126.2 | I18: 만원 | J18: =게시용!N43 -> 144.2 | K18: 만원
C19: ※ 공시가격 현금완납 기준입니다. 제휴카드NO,할부NO. 다른 시리즈 별도 문의 주세요.
D25: 갤럭시 폴더블 시리즈
C27: ▣ Z플립 4 | F27: SK | H27: KT | J27: LG
E28: 번호이동 | F28: 카톡문의 | H28: =게시용!J44 -> #REF! | I28: 만원 | J28: =게시용!M44 -> 재고소진 | K28: 만원
E29: 기기변경 | F29: 카톡문의 | H29: =게시용!K44 -> #REF! | I29: 만원 | J29: =게시용!N44 -> 0 | K29: 만원
C31: ▣ 폴드 4 | F31: SK | H31: KT | J31: LG
E32: 번호이동 | F32: 카톡문의 | H32: =게시용!J45 -> #REF! | I32: 만원 | J32: =게시용!M45 -> 재고소진 | K32: 만원
E33: 기기변경 | F33: 카톡문의 | H33: =게시용!K45 -> #REF! | I33: 만원 | J33: =게시용!N45 -> 0 | K33: 만원
C34: ※ 공시가격 현금완납 기준입니다. 제휴카드NO,할부NO. 다른 시리즈 별도 문의 주세요.
D38: 갤럭시 S22 시리즈
C40: ▣ S22 | F40: SK | H40: KT | J40: LG
E41: 번호이동 | F41: 카톡문의 | H41: =게시용!J46 -> SK전용모델 | I41: 만원 | J41: =게시용!M46 -> SK전용모델 | K41: 만원
E42: 기기변경 | F42: 카톡문의 | H42: =게시용!K46 -> 0 | I42: 만원 | J42: =게시용!N46 -> 0 | K42: 만원
C44: ▣ S22+ | F44: SK | H44: KT | J44: LG
E45: 번호이동 | F45: 카톡문의 | H45: =게시용!#REF! -> #REF! | I45: 만원 | J45: =게시용!#REF! -> #REF! | K45: 만원
E46: 기기변경 | F46: 카톡문의 | H46: =게시용!#REF! -> #REF! | I46: 만원 | J46: =게시용!#REF! -> #REF! | K46: 만원
C48: ▣ S22 울트라 | F48: SK | H48: KT | J48: LG
E49: 번호이동 | F49: 카톡문의 | H49: =게시용!#REF! -> #REF! | I49: 만원 | J49: =게시용!#REF! -> #REF! | K49: 만원
E50: 기기변경 | F50: 카톡문의 | H50: =게시용!#REF! -> #REF! | I50: 만원 | J50: =게시용!#REF! -> #REF! | K50: 만원
C51: ※ 공시가격 현금완납 기준입니다. 제휴카드NO,할부NO. 다른 시리즈 별도 문의 주세요.
D55: 신학기 시즌 LTE 공짜폰 특가~!
C57: ▣ NEW 키즈폰 | F57: SK | H57: KT | J57: LG
E58: 신규 | F58: 카톡문의 | H58: 0 | I58: 원 | J58: 0 | K58: 원
C59: ▣ A23 | F59: SK | H59: KT | J59: LG
E60: 신규 | F60: 카톡문의 | H60: 0 | I60: 원 | J60: 0 | K60: 원
C61: ※ 공시가격 현금완납 기준입니다. 제휴카드NO,할부NO. 다른 시리즈 별도 문의 주세요.

Sheet 그림 게시용
D3: 갤럭시 S23 시리즈
C5: ▣ S23 | F5: SK | H5: KT | J5: LG
E6: 번호이동 | F6: =게시용!G32 -> 26.7 | G6: 만원 | H6: =게시용!J32 -> 11.7 | I6: 만원 | J6: =게시용!M32 -> -5.3 | K6: 만원
E7: 기기변경 | F7: =게시용!H32 -> 53.7 | G7: 만원 | H7: =게시용!K32 -> 52.7 | I7: 만원 | J7: =게시용!N32 -> 36.7 | K7: 만원
C9: ▣ S23+ | F9: SK | H9: KT | J9: LG
E10: 번호이동 | F10: =게시용!G33 -> 81.2 | G10: 만원 | H10: =게시용!J33 -> 66.2 | I10: 만원 | J10: =게시용!M33 -> 49.2 | K10: 만원
E11: 기기변경 | F11: =게시용!H33 -> 103.2 | G11: 만원 | H11: =게시용!K33 -> 102.2 | I11: 만원 | J11: =게시용!N33 -> 90.2 | K11: 만원
C13: ▣ S23 울트라 | F13: SK | H13: KT | J13: LG
E14: 번호이동 | F14: =게시용!G34 -> 149 | G14: 만원 | H14: =게시용!J34 -> 116.9 | I14: 만원 | J14: =게시용!M34 -> 105.6 | K14: 만원
E15: 기기변경 | F15: =게시용!H34 -> 146 | G15: 만원 | H15: =게시용!K34 -> 151.9 | I15: 만원 | J15: =게시용!N34 -> 134.6 | K15: 만원
C16: ※ 공시가격 현금완납 기준입니다. 제휴카드NO,할부NO. 다른 시리즈 별도 문의 주세요.
D20: 아이폰14 시리즈
C22: ▣ 아이폰 14 | F22: SK | H22: KT | J22: LG
E23: 번호이동 | F23: =게시용!G40 -> 102.3 | G23: 만원 | H23: =게시용!J40 -> 46.3 | I23: 만원 | J23: =게시용!M40 -> 68.3 | K23: 만원
E24: 기기변경 | F24: =게시용!H40 -> 102.3 | G24: 만원 | H24: =게시용!K40 -> 61.3 | I24: 만원 | J24: =게시용!N40 -> 79.3 | K24: 만원
C26: ▣ 아이폰14 + | F26: SK | H26: KT | J26: LG
E27: 번호이동 | F27: =게시용!G41 -> 112.2 | G27: 만원 | H27: =게시용!J41 -> 71.2 | I27: 만원 | J27: =게시용!M41 -> 104.8 | K27: 만원
E28: 기기변경 | F28: =게시용!H41 -> 112.2 | G28: 만원 | H28: =게시용!K41 -> 79.2 | I28: 만원 | J28: =게시용!N41 -> 113.8 | K28: 만원
C30: ▣ 아이폰14프로 | F30: SK | H30: KT | J30: LG
E31: 번호이동 | F31: =게시용!G42 -> 132 | G31: 만원 | H31: =게시용!J42 -> 81 | I31: 만원 | J31: =게시용!M42 -> 98 | K31: 만원
E32: 기기변경 | F32: =게시용!H42 -> 132 | G32: 만원 | H32: =게시용!K42 -> 91 | I32: 만원 | J32: =게시용!N42 -> 109 | K32: 만원
C34: ▣ 아이폰14프로맥스 | F34: SK | H34: KT | J34: LG
E35: 번호이동 | F35: =게시용!G43 -> 167.2 | G35: 만원 | H35: =게시용!J43 -> 116.2 | I35: 만원 | J35: =게시용!M43 -> 133.2 | K35: 만원
E36: 기기변경 | F36: =게시용!H43 -> 167.2 | G36: 만원 | H36: =게시용!K43 -> 126.2 | I36: 만원 | J36: =게시용!N43 -> 144.2 | K36: 만원
C37: ※ 공시가격 현금완납 기준입니다. 제휴카드NO,할부NO. 다른 시리즈 별도 문의 주세요.
D43: 갤럭시 폴더블 시리즈
C45: ▣ Z플립 4 | F45: SK | H45: KT | J45: LG
E46: 번호이동 | F46: =게시용!G44 -> #REF! | G46: 만원 | H46: =게시용!J44 -> #REF! | I46: 만원 | J46: =게시용!M44 -> 재고소진 | K46: 만원
E47: 기기변경 | F47: =게시용!H44 -> #REF! | G47: 만원 | H47: =게시용!K44 -> #REF! | I47: 만원 | J47: =게시용!N44 -> 0 | K47: 만원
C49: ▣ 폴드 4 | F49: SK | H49: KT | J49: LG
E50: 번호이동 | F50: =게시용!G45 -> #REF! | G50: 만원 | H50: =게시용!J45 -> #REF! | I50: 만원 | J50: =게시용!M45 -> 재고소진 | K50: 만원
E51: 기기변경 | F51: =게시용!H45 -> #REF! | G51: 만원 | H51: =게시용!K45 -> #REF! | I51: 만원 | J51: =게시용!N45 -> 0 | K51: 만원
C52: ※ 공시가격 현금완납 기준입니다. 제휴카드NO,할부NO. 다른 시리즈 별도 문의 주세요.
D56: 갤럭시 S22 시리즈
C58: ▣ S22 | F58: SK | H58: KT | J58: LG
E59: 번호이동 | F59: =게시용!G46 -> -13.88 | G59: 만원 | H59: =게시용!J46 -> SK전용모델 | I59: 만원 | J59: =게시용!M46 -> SK전용모델 | K59: 만원
E60: 기기변경 | F60: =게시용!H46 -> 11.12 | G60: 만원 | H60: =게시용!K46 -> 0 | I60: 만원 | J60: =게시용!N46 -> 0 | K60: 만원
C62: ▣ S22+ | F62: SK | H62: KT | J62: LG
E63: 번호이동 | F63: =게시용!#REF! -> #REF! | G63: 만원 | H63: =게시용!#REF! -> #REF! | I63: 만원 | J63: =게시용!#REF! -> #REF! | K63: 만원
E64: 기기변경 | F64: =게시용!#REF! -> #REF! | G64: 만원 | H64: =게시용!#REF! -> #REF! | I64: 만원 | J64: =게시용!#REF! -> #REF! | K64: 만원
C66: ▣ S22 울트라 | F66: SK | H66: KT | J66: LG
E67: 번호이동 | F67: =게시용!#REF! -> #REF! | G67: 만원 | H67: =게시용!#REF! -> #REF! | I67: 만원 | J67: =게시용!#REF! -> #REF! | K67: 만원
E68: 기기변경 | F68: =게시용!#REF! -> #REF! | G68: 만원 | H68: =게시용!#REF! -> #REF! | I68: 만원 | J68: =게시용!#REF! -> #REF! | K68: 만원
C69: ※ 공시가격 현금완납 기준입니다. 제휴카드NO,할부NO. 다른 시리즈 별도 문의 주세요.
D73: 신학기 시즌 LTE 공짜폰 특가~!
C75: ▣ NEW 키즈폰 | F75: SK | H75: KT | J75: LG
E76: 신규 | F76: 0 | G76: 원 | H76: 0 | I76: 원 | J76: 0 | K76: 원
C77: ▣ A23 | F77: SK | H77: KT | J77: LG
E78: 신규 | F78: 0 | G78: 원 | H78: 0 | I78: 원 | J78: 0 | K78: 원
C79: ※ 공시가격 현금완납 기준입니다. 제휴카드NO,할부NO. 다른 시리즈 별도 문의 주세요.

Sheet 게시용
B5: 현금완납 조건!! 할부 NO, 제휴카드 NO, 중고폰 반납조건 NO
B9: 구분 | C9: M+인터넷+TV = 현금 최대지급 | D9: 요금제 유지기간 | F9: 공시지원 [ D + 183일 ] 선택약정 [ D + 183일 ]
D12: 부가서비스 조건 | F12: S사 : 우주 패스(M+3) 마이스마트콜3(M+1),T ALL케어(보험)(M+1) K사 : 필수팩L(M+3), 보험(M+3) L사 : 통화편의+구글원 패키지, 폰 교체패스, V컬러링음악감상+벨링콘텐츠
B16: 5G | C16: 모델명 | D16: 출고가 | F16: S사 | I16: K사 | L16: L사
F18: 요금제 5G프리미엄(109,000) | I18: 요금제 초이스 스페셜(110,000) | L18: 요금제 기종별 상이(문의)
F20: 유리한조건 | G20: 번호이동 | H20: 기기변경 | I20: 유리한조건 | J20: 번호이동 | K20: 기기변경 | L20: 유리한조건 | M20: 번호이동 | N20: 기기변경
C22: =입력용!C13 -> 갤럭시 Z폴드7 | D22: =입력용!D13 -> 2379300 | G22: =입력용!H13*0.0001 -> 127.93 | H22: =입력용!I13*0.0001 -> 133.93 | J22: =입력용!L13*0.0001 -> 137.93 | K22: =입력용!M13*0.0001 -> 131.93 | M22: =입력용!P13*0.0001 -> 118.93 | N22: =입력용!Q13*0.0001 -> 112.93
C23: =입력용!C14 -> 갤럭시 Z플립7_256G | D23: =입력용!D14 -> 1485000 | G23: =입력용!H14*0.0001 -> 26.5 | H23: =입력용!I14*0.0001 -> 43.5 | J23: =입력용!L14*0.0001 -> 38.5 | K23: =입력용!M14*0.0001 -> 32.5 | M23: =입력용!P14*0.0001 -> 16.5 | N23: =입력용!Q14*0.0001 -> 11.5
C24: =입력용!C15 -> 갤럭시 Z플립7_512G | D24: =입력용!D15 -> 1643400 | G24: =입력용!H15*0.0001 -> 42.34 | H24: =입력용!I15*0.0001 -> 49.34 | J24: =입력용!L15*0.0001 -> 54.34 | K24: =입력용!M15*0.0001 -> 48.34 | M24: =입력용!P15*0.0001 -> 90.34 | N24: =입력용!Q15*0.0001 -> 95.34
C25: =입력용!C16 -> 갤럭시 S26_256G | D25: =입력용!D16 -> 1254000 | G25: =입력용!H16*0.0001 -> 77.4 | H25: =입력용!I16*0.0001 -> 83.4 | J25: =입력용!L16*0.0001 -> 59.3 | K25: =입력용!M16*0.0001 -> 60.3 | M25: =입력용!P16*0.0001 -> 43 | N25: =입력용!Q16*0.0001 -> 37
C26: =입력용!C17 -> 갤럭시 S26+_256G | D26: =입력용!D17 -> 1452000 | G26: =입력용!H17*0.0001 -> 97.2 | H26: =입력용!I17*0.0001 -> 103.2 | J26: =입력용!L17*0.0001 -> 79.1 | K26: =입력용!M17*0.0001 -> 80.1 | M26: =입력용!P17*0.0001 -> 62.8 | N26: =입력용!Q17*0.0001 -> 56.8
C27: =입력용!C18 -> 갤럭시 S26 울트라_256G | D27: =입력용!D18 -> 1797400 | G27: =입력용!H18*0.0001 -> 131.74 | H27: =입력용!I18*0.0001 -> 137.74 | J27: =입력용!L18*0.0001 -> 117.64 | K27: =입력용!M18*0.0001 -> 116.64 | M27: =입력용!P18*0.0001 -> 97.34 | N27: =입력용!Q18*0.0001 -> 91.34
C28: =입력용!C19 -> 갤럭시 S25 | D28: =입력용!D19 -> 1155000 | G28: =입력용!H19*0.0001 -> 60.5 | H28: =입력용!I19*0.0001 -> 65.5 | J28: =입력용!L19*0.0001 -> 51.4 | K28: =입력용!M19*0.0001 -> 62.4 | L28: =VLOOKUP(C28,#REF!,2,FALSE) -> #REF! | M28: =입력용!P19*0.0001 -> 36.1 | N28: =입력용!Q19*0.0001 -> 32.1
C29: =입력용!C20 -> 갤럭시 S25+ | D29: =입력용!D20 -> 1353000 | G29: =입력용!H20*0.0001 -> 94.3 | H29: =입력용!I20*0.0001 -> 100.3 | J29: =입력용!L20*0.0001 -> 107.2 | K29: =입력용!M20*0.0001 -> 107.2 | L29: =VLOOKUP(C29,#REF!,2,FALSE) -> #REF! | M29: =입력용!P20*0.0001 -> 103.9 | N29: =입력용!Q20*0.0001 -> 103.9
C30: =입력용!C21 -> 갤럭시 S25 울트라 | D30: =입력용!D21 -> 1698400 | G30: =입력용!H21*0.0001 -> 114.84 | H30: =입력용!I21*0.0001 -> 119.84 | J30: =입력용!L21*0.0001 -> 105.74 | K30: =입력용!M21*0.0001 -> 116.74 | L30: =VLOOKUP(C30,#REF!,2,FALSE) -> #REF! | M30: =입력용!P21*0.0001 -> 94.44 | N30: =입력용!Q21*0.0001 -> 107.44
C31: =입력용!C22 -> 갤럭시 S25 엣지 | D31: =입력용!D22 -> 1496000 | G31: =입력용!H22*0.0001 -> 42.6 | H31: =입력용!I22*0.0001 -> 47.6 | J31: =입력용!L22*0.0001 -> 37.6 | K31: =입력용!M22*0.0001 -> 29.6 | L31: =VLOOKUP(C31,#REF!,2,FALSE) -> #REF! | M31: =입력용!P22*0.0001 -> 24.6 | N31: =입력용!Q22*0.0001 -> 20.6
C32: =입력용!C23 -> 아이폰17 256G | D32: =입력용!D23 -> 1287000 | G32: =입력용!H23*0.0001 -> 26.7 | H32: =입력용!I23*0.0001 -> 53.7 | J32: =입력용!L23*0.0001 -> 11.7 | K32: =입력용!M23*0.0001 -> 52.7 | L32: =VLOOKUP(C32,#REF!,2,FALSE) -> #REF! | M32: =입력용!P23*0.0001 -> -5.3 | N32: =입력용!Q23*0.0001 -> 36.7
C33: =입력용!C25 -> 아이폰17 프로 256G | D33: =입력용!D25 -> 1782000 | G33: =입력용!H25*0.0001 -> 81.2 | H33: =입력용!I25*0.0001 -> 103.2 | J33: =입력용!L25*0.0001 -> 66.2 | K33: =입력용!M25*0.0001 -> 102.2 | L33: =VLOOKUP(C33,#REF!,2,FALSE) -> #REF! | M33: =입력용!P25*0.0001 -> 49.2 | N33: =입력용!Q25*0.0001 -> 90.2
C34: =입력용!C26 -> 아이폰17 프로맥스 256G | D34: =입력용!D26 -> 1980000 | G34: =입력용!H26*0.0001 -> 149 | H34: =입력용!I26*0.0001 -> 146 | J34: =입력용!L26*0.0001 -> 116.9 | K34: =입력용!M26*0.0001 -> 151.9 | L34: =VLOOKUP(C34,#REF!,2,FALSE) -> #REF! | M34: =입력용!P26*0.0001 -> 105.6 | N34: =입력용!Q26*0.0001 -> 134.6
C35: =입력용!C31 -> 갤럭시 S25FE | D35: =입력용!D31 -> 946000 | G35: =입력용!H31*0.0001 -> -21.4 | H35: =입력용!I31*0.0001 -> -0.4 | J35: =입력용!L31*0.0001 -> 3.6 | K35: =입력용!M31*0.0001 -> 6.6 | L35: =VLOOKUP(C35,#REF!,2,FALSE) -> #REF! | M35: =입력용!P31*0.0001 -> -27.4 | N35: =입력용!Q31*0.0001 -> 2.6
C36: =입력용!C23 -> 아이폰17 256G | D36: =입력용!D23 -> 1287000 | G36: =입력용!H23*0.0001 -> 26.7 | H36: =입력용!I23*0.0001 -> 53.7 | I36: =입력용!J23*0.0001 -> 45 | J36: =입력용!L23*0.0001 -> 11.7 | K36: =입력용!M23*0.0001 -> 52.7 | L36: =입력용!M23*0.0001 -> 52.7 | M36: =입력용!P23*0.0001 -> -5.3 | N36: =입력용!Q23*0.0001 -> 36.7
C37: =입력용!C24 -> 아이폰17 에어 256G | D37: =입력용!D24 -> 1584000 | G37: =입력용!H24*0.0001 -> 53.4 | H37: =입력용!I24*0.0001 -> 83.4 | I37: =입력용!J24*0.0001 -> 45 | J37: =입력용!L24*0.0001 -> 46.4 | K37: =입력용!M24*0.0001 -> 82.4 | L37: =입력용!M24*0.0001 -> 82.4 | M37: =입력용!P24*0.0001 -> 24.4 | N37: =입력용!Q24*0.0001 -> 66.4
C38: =입력용!C25 -> 아이폰17 프로 256G | D38: =입력용!D25 -> 1782000 | G38: =입력용!H25*0.0001 -> 81.2 | H38: =입력용!I25*0.0001 -> 103.2 | I38: =입력용!J25*0.0001 -> 45 | J38: =입력용!L25*0.0001 -> 66.2 | K38: =입력용!M25*0.0001 -> 102.2 | L38: =입력용!M25*0.0001 -> 102.2 | M38: =입력용!P25*0.0001 -> 49.2 | N38: =입력용!Q25*0.0001 -> 90.2
C39: =입력용!C26 -> 아이폰17 프로맥스 256G | D39: =입력용!D26 -> 1980000 | G39: =입력용!H26*0.0001 -> 149 | H39: =입력용!I26*0.0001 -> 146 | I39: =입력용!J26*0.0001 -> 20.1 | J39: =입력용!L26*0.0001 -> 116.9 | K39: =입력용!M26*0.0001 -> 151.9 | L39: =입력용!M26*0.0001 -> 151.9 | M39: =입력용!P26*0.0001 -> 105.6 | N39: =입력용!Q26*0.0001 -> 134.6
C40: =입력용!C27 -> 아이폰16 128G | D40: =입력용!D27 -> 1243000 | G40: =입력용!H27*0.0001 -> 102.3 | H40: =입력용!I27*0.0001 -> 102.3 | I40: =VLOOKUP(C40,#REF!,2,FALSE) -> #REF! | J40: =입력용!L27*0.0001 -> 46.3 | K40: =입력용!M27*0.0001 -> 61.3 | L40: =VLOOKUP(C40,#REF!,2,FALSE) -> #REF! | M40: =입력용!P27*0.0001 -> 68.3 | N40: =입력용!Q27*0.0001 -> 79.3
C41: =입력용!C28 -> 아이폰16+ 128G | D41: =입력용!D28 -> 1342000 | G41: =입력용!H28*0.0001 -> 112.2 | H41: =입력용!I28*0.0001 -> 112.2 | I41: =VLOOKUP(C41,#REF!,2,FALSE) -> #REF! | J41: =입력용!L28*0.0001 -> 71.2 | K41: =입력용!M28*0.0001 -> 79.2 | L41: =VLOOKUP(C41,#REF!,2,FALSE) -> #REF! | M41: =입력용!P28*0.0001 -> 104.8 | N41: =입력용!Q28*0.0001 -> 113.8
C42: =입력용!C29 -> 아이폰16 프로 128G | D42: =입력용!D29 -> 1540000 | G42: =입력용!H29*0.0001 -> 132 | H42: =입력용!I29*0.0001 -> 132 | I42: =VLOOKUP(C42,#REF!,2,FALSE) -> #REF! | J42: =입력용!L29*0.0001 -> 81 | K42: =입력용!M29*0.0001 -> 91 | L42: =VLOOKUP(C42,#REF!,2,FALSE) -> #REF! | M42: =입력용!P29*0.0001 -> 98 | N42: =입력용!Q29*0.0001 -> 109
C43: =입력용!C30 -> 아이폰16 프로맥스 256G | D43: =입력용!D30 -> 1892000 | G43: =입력용!H30*0.0001 -> 167.2 | H43: =입력용!I30*0.0001 -> 167.2 | I43: =VLOOKUP(C43,#REF!,2,FALSE) -> #REF! | J43: =입력용!L30*0.0001 -> 116.2 | K43: =입력용!M30*0.0001 -> 126.2 | L43: =VLOOKUP(C43,#REF!,2,FALSE) -> #REF! | M43: =입력용!P30*0.0001 -> 133.2 | N43: =입력용!Q30*0.0001 -> 144.2
C44: =입력용!#REF! -> #REF! | D44: =입력용!#REF! -> #REF! | G44: =입력용!#REF!*0.0001 -> #REF! | H44: =입력용!#REF!*0.0001 -> #REF! | I44: =VLOOKUP(C44,#REF!,2,FALSE) -> #REF! | J44: =입력용!#REF!*0.0001 -> #REF! | K44: =입력용!#REF!*0.0001 -> #REF! | L44: =VLOOKUP(C44,#REF!,2,FALSE) -> #REF! | M44: 재고소진
C45: =입력용!#REF! -> #REF! | D45: =입력용!#REF! -> #REF! | G45: =입력용!#REF!*0.0001 -> #REF! | H45: =입력용!#REF!*0.0001 -> #REF! | I45: =VLOOKUP(C45,#REF!,2,FALSE) -> #REF! | J45: =입력용!#REF!*0.0001 -> #REF! | K45: =입력용!#REF!*0.0001 -> #REF! | L45: =VLOOKUP(C45,#REF!,2,FALSE) -> #REF! | M45: 재고소진
C46: =입력용!C32 -> 퀀텀6(A566) | D46: =입력용!D32 -> 618200 | F46: =VLOOKUP(C46,입력용!C:G,5,FALSE) -> 0 | G46: =입력용!H32*0.0001 -> -13.88 | H46: =입력용!I32*0.0001 -> 11.12 | I46: =입력용!J32*0.0001 -> 0 | J46: SK전용모델 | L46: =입력용!L32*0.0001 -> 59.82 | M46: SK전용모델
F47: =VLOOKUP(C47,입력용!C:G,5,FALSE) -> #N/A | I47: =입력용!J33*0.0001 -> 43.5 | L47: =입력용!L33*0.0001 -> -33.56
D48: =입력용!#REF! -> #REF! | F48: =VLOOKUP(C48,입력용!C:G,5,FALSE) -> #N/A | G48: 재고소진 | I48: =VLOOKUP(C48,#REF!,2,FALSE) -> #REF! | J48: 재고소진 | L48: =VLOOKUP(C48,#REF!,2,FALSE) -> #REF! | M48: 재고소진
C49: =입력용!#REF! -> #REF! | D49: =입력용!#REF! -> #REF! | F49: =VLOOKUP(C49,입력용!C:G,5,FALSE) -> #REF! | G49: =입력용!#REF!*0.0001 -> #REF! | H49: =입력용!#REF!*0.0001 -> #REF! | I49: =VLOOKUP(C49,#REF!,2,FALSE) -> #REF! | J49: =입력용!#REF!*0.0001 -> #REF! | K49: =입력용!#REF!*0.0001 -> #REF! | L49: =VLOOKUP(C49,#REF!,2,FALSE) -> #REF! | M49: =입력용!#REF!*0.0001 -> #REF! | N49: =입력용!#REF!*0.0001 -> #REF!
C50: =입력용!#REF! -> #REF! | D50: =입력용!#REF! -> #REF! | F50: =VLOOKUP(C50,입력용!C:G,5,FALSE) -> #REF! | G50: =입력용!#REF!*0.0001 -> #REF! | H50: =입력용!#REF!*0.0001 -> #REF! | I50: =VLOOKUP(C50,#REF!,2,FALSE) -> #REF! | J50: =입력용!#REF!*0.0001 -> #REF! | K50: =입력용!#REF!*0.0001 -> #REF! | L50: =VLOOKUP(C50,#REF!,2,FALSE) -> #REF! | M50: =입력용!#REF!*0.0001 -> #REF! | N50: =입력용!#REF!*0.0001 -> #REF!
C51: =입력용!#REF! -> #REF! | D51: =입력용!#REF! -> #REF! | F51: =VLOOKUP(C51,입력용!C:G,5,FALSE) -> #REF! | G51: =입력용!#REF!*0.0001 -> #REF! | H51: =입력용!#REF!*0.0001 -> #REF! | I51: =VLOOKUP(C51,#REF!,2,FALSE) -> #REF! | J51: 재고소진 | L51: =VLOOKUP(C51,#REF!,2,FALSE) -> #REF! | M51: 재고소진
C52: =입력용!#REF! -> #REF! | D52: =입력용!#REF! -> #REF! | F52: =VLOOKUP(C52,입력용!C:G,5,FALSE) -> #REF! | G52: =입력용!#REF!*0.0001 -> #REF! | H52: =입력용!#REF!*0.0001 -> #REF! | I52: =VLOOKUP(C52,#REF!,2,FALSE) -> #REF! | J52: 재고소진 | L52: =VLOOKUP(C52,#REF!,2,FALSE) -> #REF! | M52: 재고소진
C53: =입력용!#REF! -> #REF! | D53: =입력용!#REF! -> #REF! | F53: 공시지원 | G53: =입력용!#REF!*0.0001 -> #REF! | H53: =입력용!#REF!*0.0001 -> #REF! | I53: =VLOOKUP(C53,#REF!,2,FALSE) -> #REF! | J53: =입력용!#REF!*0.0001 -> #REF! | K53: =입력용!#REF!*0.0001 -> #REF! | L53: =VLOOKUP(C53,#REF!,2,FALSE) -> #REF! | M53: 재고소진
C54: =입력용!#REF! -> #REF! | D54: =입력용!#REF! -> #REF! | F54: =VLOOKUP(C54,입력용!C:G,5,FALSE) -> #REF! | G54: 재고소진 | I54: =VLOOKUP(C54,#REF!,2,FALSE) -> #REF! | J54: 재고소진 | L54: =VLOOKUP(C54,#REF!,2,FALSE) -> #REF! | M54: 재고소진
C55: =입력용!#REF! -> #REF! | D55: =입력용!#REF! -> #REF! | F55: =VLOOKUP(C55,입력용!C:G,5,FALSE) -> #REF! | G55: =입력용!#REF!*0.0001 -> #REF! | H55: =입력용!#REF!*0.0001 -> #REF! | I55: =VLOOKUP(C55,#REF!,2,FALSE) -> #REF! | J55: =입력용!#REF!*0.0001 -> #REF! | K55: =입력용!#REF!*0.0001 -> #REF! | L55: =VLOOKUP(C55,#REF!,2,FALSE) -> #REF! | M55: =입력용!#REF!*0.0001 -> #REF! | N55: =입력용!#REF!*0.0001 -> #REF!
C56: =입력용!#REF! -> #REF! | D56: =입력용!#REF! -> #REF! | F56: =VLOOKUP(C56,입력용!C:G,5,FALSE) -> #REF! | G56: =입력용!#REF!*0.0001 -> #REF! | H56: =입력용!#REF!*0.0001 -> #REF! | I56: =VLOOKUP(C56,#REF!,2,FALSE) -> #REF! | J56: 재고소진 | L56: =VLOOKUP(C56,#REF!,2,FALSE) -> #REF! | M56: 재고소진
C57: =입력용!#REF! -> #REF! | D57: =입력용!#REF! -> #REF! | F57: =VLOOKUP(C57,입력용!C:G,5,FALSE) -> #REF! | G57: =입력용!#REF!*0.0001 -> #REF! | H57: =입력용!#REF!*0.0001 -> #REF! | I57: =VLOOKUP(C57,#REF!,2,FALSE) -> #REF! | J57: 재고소진 | L57: =VLOOKUP(C57,#REF!,2,FALSE) -> #REF! | M57: =입력용!#REF!*0.0001 -> #REF! | N57: =입력용!#REF!*0.0001 -> #REF!
C58: =입력용!#REF! -> #REF! | D58: =입력용!#REF! -> #REF! | F58: =VLOOKUP(C58,입력용!C:G,5,FALSE) -> #REF! | G58: =입력용!#REF!*0.0001 -> #REF! | H58: =입력용!#REF!*0.0001 -> #REF! | I58: =VLOOKUP(C58,#REF!,2,FALSE) -> #REF! | J58: =입력용!#REF!*0.0001 -> #REF! | K58: =입력용!#REF!*0.0001 -> #REF! | L58: =VLOOKUP(C58,#REF!,2,FALSE) -> #REF! | M58: =입력용!#REF!*0.0001 -> #REF! | N58: =입력용!#REF!*0.0001 -> #REF!
C59: =입력용!#REF! -> #REF! | D59: =입력용!#REF! -> #REF! | F59: =VLOOKUP(C59,입력용!C:G,5,FALSE) -> #REF! | G59: 재고소진 | I59: =VLOOKUP(C59,#REF!,2,FALSE) -> #REF! | J59: 재고소진 | L59: =VLOOKUP(C59,#REF!,2,FALSE) -> #REF! | M59: =입력용!#REF!*0.0001 -> #REF! | N59: =입력용!#REF!*0.0001 -> #REF!
C60: =입력용!#REF! -> #REF! | D60: =입력용!#REF! -> #REF! | F60: =VLOOKUP(C60,입력용!C:G,5,FALSE) -> #REF! | G60: 재고소진 | I60: =VLOOKUP(C60,#REF!,2,FALSE) -> #REF! | J60: 재고소진 | L60: =VLOOKUP(C60,#REF!,2,FALSE) -> #REF! | M60: 재고소진
C61: =입력용!#REF! -> #REF! | D61: =입력용!#REF! -> #REF! | F61: =VLOOKUP(C61,입력용!C:G,5,FALSE) -> #REF! | G61: 재고소진 | I61: =VLOOKUP(C61,#REF!,2,FALSE) -> #REF! | J61: 재고소진 | L61: =VLOOKUP(C61,#REF!,2,FALSE) -> #REF! | M61: 재고소진
C62: =입력용!#REF! -> #REF! | D62: =입력용!#REF! -> #REF! | F62: =VLOOKUP(C62,입력용!C:G,5,FALSE) -> #REF! | G62: 재고소진 | I62: =VLOOKUP(C62,#REF!,2,FALSE) -> #REF! | J62: 재고소진 | L62: =VLOOKUP(C62,#REF!,2,FALSE) -> #REF! | M62: =입력용!#REF!*0.0001 -> #REF! | N62: =입력용!#REF!*0.0001 -> #REF!
C63: =입력용!#REF! -> #REF! | D63: =입력용!#REF! -> #REF! | F63: =VLOOKUP(C63,입력용!C:G,5,FALSE) -> #REF! | G63: 재고소진 | I63: =VLOOKUP(C63,#REF!,2,FALSE) -> #REF! | J63: 재고소진 | L63: =VLOOKUP(C63,#REF!,2,FALSE) -> #REF! | M63: 재고소진
C64: =입력용!C33 -> 갤럭시 A36(5G컴팩트) | D64: =입력용!D33 -> 499400 | F64: =VLOOKUP(C64,입력용!C:G,5,FALSE) -> 0 | G64: =입력용!H33*0.0001 -> 3.94 | H64: =입력용!I33*0.0001 -> 4.94 | I64: =VLOOKUP(C64,#REF!,2,FALSE) -> #REF! | J64: =입력용!L33*0.0001 -> -33.56 | K64: =입력용!M33*0.0001 -> -21.56 | L64: =VLOOKUP(C64,#REF!,2,FALSE) -> #REF! | M64: =입력용!P33*0.0001 -> 23.54 | N64: =입력용!Q33*0.0001 -> 23.54
G65: =입력용!H36*0.0001 -> 29.59 | H65: =입력용!I36*0.0001 -> 29.59 | I65: =VLOOKUP(C65,#REF!,2,FALSE) -> #REF! | J65: =입력용!L36*0.0001 -> 1.89 | K65: =입력용!M36*0.0001 -> -28.11 | L65: =VLOOKUP(C65,#REF!,2,FALSE) -> #REF! | M65: =입력용!P36*0.0001 -> 4.29 | N65: =입력용!Q36*0.0001 -> 4.29
C66: =입력용!C34 -> 0 | D66: =입력용!D34 -> 0 | F66: =VLOOKUP(C66,입력용!C:G,5,FALSE) -> #N/A | G66: =입력용!H34*0.0001 -> 0 | H66: =입력용!I34*0.0001 -> 0 | I66: =VLOOKUP(C66,#REF!,2,FALSE) -> #REF! | J66: SK전용모델 | L66: =VLOOKUP(C66,#REF!,2,FALSE) -> #REF! | M66: SK전용모델
C67: =입력용!C35 -> 점프4 (61이상) | D67: =입력용!D35 -> 449900 | F67: =VLOOKUP(C67,입력용!C:G,5,FALSE) -> 0 | G67: KT전용모델 | I67: =VLOOKUP(C67,#REF!,2,FALSE) -> #REF! | J67: =입력용!L35*0.0001 -> -48.21 | K67: =입력용!M35*0.0001 -> -26.21 | L67: =VLOOKUP(C67,#REF!,2,FALSE) -> #REF! | M67: KT전용모델
F68: =VLOOKUP(C68,입력용!C:G,5,FALSE) -> #N/A
C69: =입력용!C37 -> 버디4 (5G심플+) | D69: =입력용!D37 -> 399300 | G69: LG전용모델 | J69: LG전용모델 | L69: =VLOOKUP(C69,#REF!,2,FALSE) -> #REF! | M69: =입력용!P37*0.0001 -> -55.97 | N69: =입력용!Q37*0.0001 -> -22.97
C70: =입력용!C38 -> 와이드7(5G컴팩트) | D70: =입력용!D38 -> 374000 | F70: =VLOOKUP(C70,입력용!C:G,5,FALSE) -> 0 | G70: =입력용!H38*0.0001 -> 6.9 | H70: =입력용!I38*0.0001 -> 6.9 | I70: =VLOOKUP(C70,#REF!,2,FALSE) -> #REF! | J70: SK전용모델 | L70: =VLOOKUP(C70,#REF!,2,FALSE) -> #REF! | M70: SK전용모델
C71: =입력용!C39 -> 와이드8(5G컴팩트) | D71: =입력용!D39 -> 374000 | F71: =VLOOKUP(C71,입력용!C:G,5,FALSE) -> 0 | G71: =입력용!H39*0.0001 -> -15.1 | H71: =입력용!I39*0.0001 -> 6.9 | I71: =VLOOKUP(C71,#REF!,2,FALSE) -> #REF! | J71: SK전용모델 | L71: =VLOOKUP(C71,#REF!,2,FALSE) -> #REF! | M71: SK전용모델
B72: LTE (4G) | C72: 모델명 | D72: 출시가 | F72: 요금제 T플랜 세이브 (33,000원) | I72: 요금제 LTE베이직 (33,000원) | L72: 요금제 LTE데이터33 (33,000원)
F74: 유리한조건 | G74: 신규 | H74: 번호이동 | I74: 유리한조건 | J74: 신규 | K74: 번호이동 | L74: 유리한조건 | M74: 신규 | N74: 번호이동
C76: =입력용!C43 -> 갤럭시 A17(5G컴팩트) | D76: =입력용!D42 -> 319000 | F76: =VLOOKUP(C76,입력용!C:G,5,FALSE) -> 0 | G76: 조건이좋아요!! 별도문의주세요! | I76: =VLOOKUP(C76,#REF!,2,FALSE) -> #REF! | J76: 조건이좋아요!! 별도문의주세요! | L76: =VLOOKUP(C76,#REF!,2,FALSE) -> #REF! | M76: 조건이좋아요!! 별도문의주세요!
C77: =입력용!C44 -> 갤럭시 A24 | D77: =입력용!D44 -> 396000 | F77: =VLOOKUP(C77,입력용!C:G,5,FALSE) -> 0 | I77: =VLOOKUP(C77,#REF!,2,FALSE) -> #REF! | L77: =VLOOKUP(C77,#REF!,2,FALSE) -> #REF!
C78: =입력용!C45 -> M140(5G컴팩트) | D78: =입력용!D45 -> 237600 | F78: =VLOOKUP(C78,입력용!C:G,5,FALSE) -> 0 | I78: =VLOOKUP(C78,#REF!,2,FALSE) -> #REF! | L78: =VLOOKUP(C78,#REF!,2,FALSE) -> #REF!
C79: =입력용!C46 -> M150 | D79: =입력용!D46 -> 326700 | F79: =VLOOKUP(C79,입력용!C:G,5,FALSE) -> 0 | I79: =VLOOKUP(C79,#REF!,2,FALSE) -> #REF! | L79: =VLOOKUP(C79,#REF!,2,FALSE) -> #REF!
B80: ◈ 상담전 필독 사항 ◈ ※ 공시지원 기준, 현금 완납 기준 시세표이며 선택약정 진행시 위표에서 공시지원 만큼 추가됩니다. ※ 통신사별 시장 안정화로 인한 개통시간 기준 있습니다. 카톡으로 먼저 문의 주세요. ※ LG 기변 일부기종 우수기변 대상자 이며 비대상자는 +2~4만원 추가 됩니다. ※ L사 개통시 유무선결합이 없는 고객님들은 금액이 상이할수있습니다 문의주세요.
B81: ※해당 시세표는 본카페에서 가맹지역의 휴대폰 가격을 공유하기 위한 목적으로 매일 발품팔아 정리한 시세표입니다. 본 카페는 휴대폰 시세표를 제공하는 카페이며 판매자가 아님을 알려드립니다.

Sheet 입력용
B6: 5G | D6: 출고가 | F6: SKT | J6: KT | N6: LG U+ | R6: 공시 타점입력 | X6: SK합산단가 단가 우위 거래처 | AF6: 모델명 | AG6: KT합산단가 단가 우위 거래처 | AO6: 모델명 | AP6: LG합산단가 단가 우위 거래처
F8: 공통지원금 | G8: MNP지원금 | H8: 요금제 5G프리미엄 (109,000원)기준 | J8: 공통지원금 | K8: MNP지원금 | L8: 요금제 초이스스페셜(110,000원)기준 | N8: 공통지원금 | O8: MNP지원금 | P8: 요금제 5G프리미어슈퍼(115,000원)기준 | R8: SK | T8: KT | V8: LG
R10: 번호이동 | S10: 기기변경 | T10: 번호이동 | U10: 기기변경 | V10: 번호이동 | W10: 기기변경 | X10: MNP | AB10: 기변 | AG10: MNP | AK10: 기변 | AP10: MNP | AT10: 기변
H11: 번호이동 | I11: 기기변경 | L11: 번호이동 | M11: 기기변경 | P11: 번호이동 | Q11: 기기변경 | X11: 공시 | Z11: 선약 | AB11: 공시 | AD11: 선약 | AG11: 공시 | AI11: 선약 | AK11: 공시 | AM11: 선약 | AP11: 공시 | AR11: 선약 | AT11: 공시 | AV11: 선약
X12: 총리베 | Y12: 거래처 | Z12: 총리베 | AA12: 거래처 | AB12: 총리베 | AC12: 거래처 | AD12: 총리베 | AE12: 거래처 | AG12: 총리베 | AH12: 거래처 | AI12: 총리베 | AJ12: 거래처 | AK12: 총리베 | AL12: 거래처 | AM12: 총리베 | AN12: 거래처 | AP12: 총리베 | AQ12: 거래처 | AR12: 총리베 | AS12: 거래처 | AT12: 총리베 | AU12: 거래처 | AV12: 총리베 | AW12: 거래처
C13: 갤럭시 Z폴드7 | D13: 2379300 | F13: 500000 | H13: =SUM(D13-F13-G13)-SUM(X13-R13) -> 1279300 | I13: =SUM(D13-F13)-SUM(AB13-S13) -> 1339300 | J13: 500000 | L13: =SUM(D13-J13-K13)-SUM(AG13-T13) -> 1379300 | M13: =SUM(D13-J13)-SUM(AK13-U13) -> 1319300 | N13: 500000 | P13: =SUM(D13-N13-O13)-SUM(AP13-V13) -> 1189300 | Q13: =SUM(D13-N13)-SUM(AT13-W13) -> 1129300 | R13: 0 | S13: 0 | T13: 0 | U13: 0 | V13: 0 | W13: 0 | X13: =MAX(SK합산단가입력!W8:Y8) -> 600000 | Y13: =IF(SK합산단가입력!W8=입력용!X13,"블루",IF(SK합산단가입력!X8=입력용!X13,"MSC","한음")) -> 블루 | Z13: =MAX(SK합산단가입력!Z8:AB8) -> 550000 | AA13: =IF(SK합산단가입력!Z8=입력용!Z13,"블루",IF(SK합산단가입력!AA8=입력용!Z13,"MSC","한음")) -> 블루 | AB13: =MAX(SK합산단가입력!AD8:AF8) -> 540000 | AC13: =IF(SK합산단가입력!AD8=입력용!AB13,"블루",IF(SK합산단가입력!AE8=입력용!AB13,"MSC","MSC")) -> MSC | AD13: =MAX(SK합산단가입력!AG8:AI8) -> 440000 | AE13: =IF(SK합산단가입력!AG8=입력용!AD13,"블루",IF(SK합산단가입력!AH8=입력용!AD13,"MSC","한음")) -> MSC | AF13: =C13 -> 갤럭시 Z폴드7 | AG13: =MAX('KT 합산단가입력'!Y8:AA8) -> 500000 | AH13: =IF('KT 합산단가입력'!Y8=입력용!AG13,"MNS",IF('KT 합산단가입력'!Z8=입력용!AG13,"세이프","이룸")) -> 이룸 | AI13: =MAX('KT 합산단가입력'!AB8:AD8) -> 530000 | AJ13: =IF('KT 합산단가입력'!AB8=입력용!AI13,"MNS",IF('KT 합산단가입력'!AC8=입력용!AI13,"세이프","이룸")) -> 이룸 | AK13: =MAX('KT 합산단가입력'!AF8:AH8) -> 560000 | AL13: =IF('KT 합산단가입력'!AF8=입력용!AK13,"MNS",IF('KT 합산단가입력'!AG8=입력용!AK13,"세이프","이룸")) -> 이룸 | AM13: =MAX('KT 합산단가입력'!AI8:AK8) -> 590000 | AN13: =IF('KT 합산단가입력'!AI8=입력용!AM13,"MNS",IF('KT 합산단가입력'!AJ8=입력용!AM13,"세이프","이룸")) -> 이룸 | AO13: =C13 -> 갤럭시 Z폴드7 | AP13: =MAX('LG 합산단가입력'!Z8:AB8) -> 690000 | AQ13: =IF('LG 합산단가입력'!Z8=입력용!AP13,"마라톤",IF('LG 합산단가입력'!AA8=입력용!AP13,"골드","충청")) -> 충청 | AR13: =MAX('LG 합산단가입력'!AC8:AE8) -> 630000 | AS13: =IF('LG 합산단가입력'!AC8=입력용!AR13,"마라톤",IF('LG 합산단가입력'!AD8=입력용!AR13,"골드","충청")) -> 충청 | AT13: =MAX('LG 합산단가입력'!AG8:AI8) -> 750000 | AU13: =IF('LG 합산단가입력'!AG8=입력용!AT13,"마라톤",IF('LG 합산단가입력'!AH8=입력용!AT13,"골드","충청")) -> 충청 | AV13: =MAX('LG 합산단가입력'!AJ8:AL8) -> 750000 | AW13: =IF('LG 합산단가입력'!AJ8=입력용!AV13,"마라톤",IF('LG 합산단가입력'!AK8=입력용!AV13,"골드","충청")) -> 충청
C14: 갤럭시 Z플립7_256G | D14: 1485000 | F14: 600000 | H14: =SUM(D14-F14-G14)-SUM(X14-R14) -> 265000 | I14: =SUM(D14-F14)-SUM(AB14-S14) -> 435000 | J14: 600000 | L14: =SUM(D14-J14-K14)-SUM(AG14-T14) -> 385000 | M14: =SUM(D14-J14)-SUM(AK14-U14) -> 325000 | N14: 600000 | P14: =SUM(D14-N14-O14)-SUM(AP14-V14) -> 165000 | Q14: =SUM(D14-N14)-SUM(AT14-W14) -> 115000 | R14: 0 | S14: 0 | T14: 0 | U14: 0 | V14: 0 | W14: 0 | X14: =MAX(SK합산단가입력!W9:Y9) -> 620000 | Y14: =IF(SK합산단가입력!W9=입력용!X14,"블루",IF(SK합산단가입력!X9=입력용!X14,"MSC","한음")) -> 블루 | Z14: =MAX(SK합산단가입력!Z9:AB9) -> 570000 | AA14: =IF(SK합산단가입력!Z9=입력용!Z14,"블루",IF(SK합산단가입력!AA9=입력용!Z14,"MSC","한음")) -> 블루 | AB14: =MAX(SK합산단가입력!AD9:AF9) -> 450000 | AC14: =IF(SK합산단가입력!AD9=입력용!AB14,"블루",IF(SK합산단가입력!AE9=입력용!AB14,"MSC","MSC")) -> 블루 | AD14: =MAX(SK합산단가입력!AG9:AI9) -> 350000 | AE14: =IF(SK합산단가입력!AG9=입력용!AD14,"블루",IF(SK합산단가입력!AH9=입력용!AD14,"MSC","한음")) -> 블루 | AF14: =C14 -> 갤럭시 Z플립7_256G | AG14: =MAX('KT 합산단가입력'!Y9:AA9) -> 500000 | AH14: =IF('KT 합산단가입력'!Y9=입력용!AG14,"MNS",IF('KT 합산단가입력'!Z9=입력용!AG14,"세이프","이룸")) -> 이룸 | AI14: =MAX('KT 합산단가입력'!AB9:AD9) -> 530000 | AJ14: =IF('KT 합산단가입력'!AB9=입력용!AI14,"MNS",IF('KT 합산단가입력'!AC9=입력용!AI14,"세이프","이룸")) -> 이룸 | AK14: =MAX('KT 합산단가입력'!AF9:AH9) -> 560000 | AL14: =IF('KT 합산단가입력'!AF9=입력용!AK14,"MNS",IF('KT 합산단가입력'!AG9=입력용!AK14,"세이프","이룸")) -> 이룸 | AM14: =MAX('KT 합산단가입력'!AI9:AK9) -> 590000 | AN14: =IF('KT 합산단가입력'!AI9=입력용!AM14,"MNS",IF('KT 합산단가입력'!AJ9=입력용!AM14,"세이프","이룸")) -> 이룸 | AO14: =C14 -> 갤럭시 Z플립7_256G | AP14: =MAX('LG 합산단가입력'!Z9:AB9) -> 720000 | AQ14: =IF('LG 합산단가입력'!Z9=입력용!AP14,"마라톤",IF('LG 합산단가입력'!AA9=입력용!AP14,"골드","충청")) -> 마라톤 | AR14: =MAX('LG 합산단가입력'!AC9:AE9) -> 650000 | AS14: =IF('LG 합산단가입력'!AC9=입력용!AR14,"마라톤",IF('LG 합산단가입력'!AD9=입력용!AR14,"골드","충청")) -> 마라톤 | AT14: =MAX('LG 합산단가입력'!AG9:AI9) -> 770000 | AU14: =IF('LG 합산단가입력'!AG9=입력용!AT14,"마라톤",IF('LG 합산단가입력'!AH9=입력용!AT14,"골드","충청")) -> 마라톤 | AV14: =MAX('LG 합산단가입력'!AJ9:AL9) -> 770000 | AW14: =IF('LG 합산단가입력'!AJ9=입력용!AV14,"마라톤",IF('LG 합산단가입력'!AK9=입력용!AV14,"골드","충청")) -> 충청
C15: 갤럭시 Z플립7_512G | D15: 1643400 | F15: 600000 | H15: =SUM(D15-F15-G15)-SUM(X15-R15) -> 423400 | I15: =SUM(D15-F15)-SUM(AB15-S15) -> 493400 | J15: 600000 | L15: =SUM(D15-J15-K15)-SUM(AG15-T15) -> 543400 | M15: =SUM(D15-J15)-SUM(AK15-U15) -> 483400 | N15: 600000 | P15: =SUM(D15-N15-O15)-SUM(AP15-V15) -> 903400 | Q15: =SUM(D15-N15)-SUM(AT15-W15) -> 953400 | R15: 0 | S15: 0 | T15: 0 | U15: 0 | V15: 0 | W15: 0 | X15: =MAX(SK합산단가입력!W10:Y10) -> 620000 | Y15: =IF(SK합산단가입력!W10=입력용!X15,"블루",IF(SK합산단가입력!X10=입력용!X15,"MSC","한음")) -> 블루 | Z15: =MAX(SK합산단가입력!Z10:AB10) -> 570000 | AA15: =IF(SK합산단가입력!Z10=입력용!Z15,"블루",IF(SK합산단가입력!AA10=입력용!Z15,"MSC","한음")) -> 블루 | AB15: =MAX(SK합산단가입력!AD10:AF10) -> 550000 | AC15: =IF(SK합산단가입력!AD10=입력용!AB15,"블루",IF(SK합산단가입력!AE10=입력용!AB15,"MSC","MSC")) -> 블루 | AD15: =MAX(SK합산단가입력!AG10:AI10) -> 450000 | AE15: =IF(SK합산단가입력!AG10=입력용!AD15,"블루",IF(SK합산단가입력!AH10=입력용!AD15,"MSC","한음")) -> 블루 | AF15: =C15 -> 갤럭시 Z플립7_512G | AG15: =MAX('KT 합산단가입력'!Y10:AA10) -> 500000 | AH15: =IF('KT 합산단가입력'!Y10=입력용!AG15,"MNS",IF('KT 합산단가입력'!Z10=입력용!AG15,"세이프","이룸")) -> 이룸 | AI15: =MAX('KT 합산단가입력'!AB10:AD10) -> 530000 | AJ15: =IF('KT 합산단가입력'!AB10=입력용!AI15,"MNS",IF('KT 합산단가입력'!AC10=입력용!AI15,"세이프","이룸")) -> 이룸 | AK15: =MAX('KT 합산단가입력'!AF10:AH10) -> 560000 | AL15: =IF('KT 합산단가입력'!AF10=입력용!AK15,"MNS",IF('KT 합산단가입력'!AG10=입력용!AK15,"세이프","이룸")) -> 이룸 | AM15: =MAX('KT 합산단가입력'!AI10:AK10) -> 590000 | AN15: =IF('KT 합산단가입력'!AI10=입력용!AM15,"MNS",IF('KT 합산단가입력'!AJ10=입력용!AM15,"세이프","이룸")) -> 이룸 | AO15: =C15 -> 갤럭시 Z플립7_512G | AP15: =MAX('LG 합산단가입력'!Z10:AB10) -> 140000 | AQ15: =IF('LG 합산단가입력'!Z10=입력용!AP15,"마라톤",IF('LG 합산단가입력'!AA10=입력용!AP15,"골드","충청")) -> 마라톤 | AR15: =MAX('LG 합산단가입력'!AC10:AE10) -> 70000 | AS15: =IF('LG 합산단가입력'!AC10=입력용!AR15,"마라톤",IF('LG 합산단가입력'!AD10=입력용!AR15,"골드","충청")) -> 마라톤 | AT15: =MAX('LG 합산단가입력'!AG10:AI10) -> 90000 | AU15: =IF('LG 합산단가입력'!AG10=입력용!AT15,"마라톤",IF('LG 합산단가입력'!AH10=입력용!AT15,"골드","충청")) -> 충청 | AV15: =MAX('LG 합산단가입력'!AJ10:AL10) -> 90000 | AW15: =IF('LG 합산단가입력'!AJ10=입력용!AV15,"마라톤",IF('LG 합산단가입력'!AK10=입력용!AV15,"골드","충청")) -> 충청
C16: 갤럭시 S26_256G | D16: 1254000 | F16: 190000 | H16: =SUM(D16-F16-G16)-SUM(X16-R16) -> 774000 | I16: =SUM(D16-F16)-SUM(AB16-S16) -> 834000 | J16: 201000 | L16: =SUM(D16-J16-K16)-SUM(AG16-T16) -> 593000 | M16: =SUM(D16-J16)-SUM(AK16-U16) -> 603000 | N16: 204000 | P16: =SUM(D16-N16-O16)-SUM(AP16-V16) -> 430000 | Q16: =SUM(D16-N16)-SUM(AT16-W16) -> 370000 | R16: 0 | S16: 0 | T16: 0 | U16: 0 | V16: 0 | W16: 0 | X16: =MAX(SK합산단가입력!W11:Y11) -> 290000 | Y16: =IF(SK합산단가입력!W11=입력용!X16,"블루",IF(SK합산단가입력!X11=입력용!X16,"MSC","한음")) -> 블루 | Z16: =MAX(SK합산단가입력!Z11:AB11) -> 510000 | AA16: =IF(SK합산단가입력!Z11=입력용!Z16,"블루",IF(SK합산단가입력!AA11=입력용!Z16,"MSC","한음")) -> 블루 | AB16: =MAX(SK합산단가입력!AD11:AF11) -> 230000 | AC16: =IF(SK합산단가입력!AD11=입력용!AB16,"블루",IF(SK합산단가입력!AE11=입력용!AB16,"MSC","MSC")) -> 블루 | AD16: =MAX(SK합산단가입력!AG11:AI11) -> 400000 | AE16: =IF(SK합산단가입력!AG11=입력용!AD16,"블루",IF(SK합산단가입력!AH11=입력용!AD16,"MSC","한음")) -> 블루 | AG16: =MAX('KT 합산단가입력'!Y11:AA11) -> 460000 | AH16: =IF('KT 합산단가입력'!Y11=입력용!AG16,"MNS",IF('KT 합산단가입력'!Z11=입력용!AG16,"세이프","이룸")) -> 이룸 | AI16: =MAX('KT 합산단가입력'!AB11:AD11) -> 490000 | AJ16: =IF('KT 합산단가입력'!AB11=입력용!AI16,"MNS",IF('KT 합산단가입력'!AC11=입력용!AI16,"세이프","이룸")) -> 이룸 | AK16: =MAX('KT 합산단가입력'!AF11:AH11) -> 450000 | AL16: =IF('KT 합산단가입력'!AF11=입력용!AK16,"MNS",IF('KT 합산단가입력'!AG11=입력용!AK16,"세이프","이룸")) -> 이룸 | AM16: =MAX('KT 합산단가입력'!AI11:AK11) -> 480000 | AN16: =IF('KT 합산단가입력'!AI11=입력용!AM16,"MNS",IF('KT 합산단가입력'!AJ11=입력용!AM16,"세이프","이룸")) -> 이룸 | AP16: =MAX('LG 합산단가입력'!Z11:AB11) -> 620000 | AQ16: =IF('LG 합산단가입력'!Z11=입력용!AP16,"마라톤",IF('LG 합산단가입력'!AA11=입력용!AP16,"골드","충청")) -> 마라톤 | AR16: =MAX('LG 합산단가입력'!AC11:AE11) -> 610000 | AS16: =IF('LG 합산단가입력'!AC11=입력용!AR16,"마라톤",IF('LG 합산단가입력'!AD11=입력용!AR16,"골드","충청")) -> 마라톤 | AT16: =MAX('LG 합산단가입력'!AG11:AI11) -> 680000 | AU16: =IF('LG 합산단가입력'!AG11=입력용!AT16,"마라톤",IF('LG 합산단가입력'!AH11=입력용!AT16,"골드","충청")) -> 마라톤 | AV16: =MAX('LG 합산단가입력'!AJ11:AL11) -> 670000 | AW16: =IF('LG 합산단가입력'!AJ11=입력용!AV16,"마라톤",IF('LG 합산단가입력'!AK11=입력용!AV16,"골드","충청")) -> 마라톤
C17: 갤럭시 S26+_256G | D17: 1452000 | F17: 190000 | H17: =SUM(D17-F17-G17)-SUM(X17-R17) -> 972000 | I17: =SUM(D17-F17)-SUM(AB17-S17) -> 1032000 | J17: 201000 | L17: =SUM(D17-J17-K17)-SUM(AG17-T17) -> 791000 | M17: =SUM(D17-J17)-SUM(AK17-U17) -> 801000 | N17: 204000 | P17: =SUM(D17-N17-O17)-SUM(AP17-V17) -> 628000 | Q17: =SUM(D17-N17)-SUM(AT17-W17) -> 568000 | R17: 0 | S17: 0 | T17: 0 | U17: 0 | V17: 0 | W17: 0 | X17: =MAX(SK합산단가입력!W12:Y12) -> 290000 | Y17: =IF(SK합산단가입력!W12=입력용!X17,"블루",IF(SK합산단가입력!X12=입력용!X17,"MSC","한음")) -> 블루 | Z17: =MAX(SK합산단가입력!Z12:AB12) -> 510000 | AA17: =IF(SK합산단가입력!Z12=입력용!Z17,"블루",IF(SK합산단가입력!AA12=입력용!Z17,"MSC","한음")) -> 블루 | AB17: =MAX(SK합산단가입력!AD12:AF12) -> 230000 | AC17: =IF(SK합산단가입력!AD12=입력용!AB17,"블루",IF(SK합산단가입력!AE12=입력용!AB17,"MSC","MSC")) -> 블루 | AD17: =MAX(SK합산단가입력!AG12:AI12) -> 400000 | AE17: =IF(SK합산단가입력!AG12=입력용!AD17,"블루",IF(SK합산단가입력!AH12=입력용!AD17,"MSC","한음")) -> 블루 | AG17: =MAX('KT 합산단가입력'!Y12:AA12) -> 460000 | AH17: =IF('KT 합산단가입력'!Y12=입력용!AG17,"MNS",IF('KT 합산단가입력'!Z12=입력용!AG17,"세이프","이룸")) -> 이룸 | AI17: =MAX('KT 합산단가입력'!AB12:AD12) -> 490000 | AJ17: =IF('KT 합산단가입력'!AB12=입력용!AI17,"MNS",IF('KT 합산단가입력'!AC12=입력용!AI17,"세이프","이룸")) -> 이룸 | AK17: =MAX('KT 합산단가입력'!AF12:AH12) -> 450000 | AL17: =IF('KT 합산단가입력'!AF12=입력용!AK17,"MNS",IF('KT 합산단가입력'!AG12=입력용!AK17,"세이프","이룸")) -> 이룸 | AM17: =MAX('KT 합산단가입력'!AI12:AK12) -> 480000 | AN17: =IF('KT 합산단가입력'!AI12=입력용!AM17,"MNS",IF('KT 합산단가입력'!AJ12=입력용!AM17,"세이프","이룸")) -> 이룸 | AP17: =MAX('LG 합산단가입력'!Z12:AB12) -> 620000 | AQ17: =IF('LG 합산단가입력'!Z12=입력용!AP17,"마라톤",IF('LG 합산단가입력'!AA12=입력용!AP17,"골드","충청")) -> 마라톤 | AR17: =MAX('LG 합산단가입력'!AC12:AE12) -> 610000 | AS17: =IF('LG 합산단가입력'!AC12=입력용!AR17,"마라톤",IF('LG 합산단가입력'!AD12=입력용!AR17,"골드","충청")) -> 마라톤 | AT17: =MAX('LG 합산단가입력'!AG12:AI12) -> 680000 | AU17: =IF('LG 합산단가입력'!AG12=입력용!AT17,"마라톤",IF('LG 합산단가입력'!AH12=입력용!AT17,"골드","충청")) -> 마라톤 | AV17: =MAX('LG 합산단가입력'!AJ12:AL12) -> 670000 | AW17: =IF('LG 합산단가입력'!AJ12=입력용!AV17,"마라톤",IF('LG 합산단가입력'!AK12=입력용!AV17,"골드","충청")) -> 마라톤
C18: 갤럭시 S26 울트라_256G | D18: 1797400 | F18: 190000 | H18: =SUM(D18-F18-G18)-SUM(X18-R18) -> 1317400 | I18: =SUM(D18-F18)-SUM(AB18-S18) -> 1377400 | J18: 201000 | L18: =SUM(D18-J18-K18)-SUM(AG18-T18) -> 1176400 | M18: =SUM(D18-J18)-SUM(AK18-U18) -> 1166400 | N18: 204000 | P18: =SUM(D18-N18-O18)-SUM(AP18-V18) -> 973400 | Q18: =SUM(D18-N18)-SUM(AT18-W18) -> 913400 | R18: 0 | S18: 0 | T18: 0 | U18: 0 | V18: 0 | W18: 0 | X18: =MAX(SK합산단가입력!W13:Y13) -> 290000 | Y18: =IF(SK합산단가입력!W13=입력용!X18,"블루",IF(SK합산단가입력!X13=입력용!X18,"MSC","한음")) -> 블루 | Z18: =MAX(SK합산단가입력!Z13:AB13) -> 510000 | AA18: =IF(SK합산단가입력!Z13=입력용!Z18,"블루",IF(SK합산단가입력!AA13=입력용!Z18,"MSC","한음")) -> 블루 | AB18: =MAX(SK합산단가입력!AD13:AF13) -> 230000 | AC18: =IF(SK합산단가입력!AD13=입력용!AB18,"블루",IF(SK합산단가입력!AE13=입력용!AB18,"MSC","MSC")) -> 블루 | AD18: =MAX(SK합산단가입력!AG13:AI13) -> 430000 | AE18: =IF(SK합산단가입력!AG13=입력용!AD18,"블루",IF(SK합산단가입력!AH13=입력용!AD18,"MSC","한음")) -> 블루 | AG18: =MAX('KT 합산단가입력'!Y13:AA13) -> 420000 | AH18: =IF('KT 합산단가입력'!Y13=입력용!AG18,"MNS",IF('KT 합산단가입력'!Z13=입력용!AG18,"세이프","이룸")) -> MNS | AI18: =MAX('KT 합산단가입력'!AB13:AD13) -> 450000 | AJ18: =IF('KT 합산단가입력'!AB13=입력용!AI18,"MNS",IF('KT 합산단가입력'!AC13=입력용!AI18,"세이프","이룸")) -> MNS | AK18: =MAX('KT 합산단가입력'!AF13:AH13) -> 430000 | AL18: =IF('KT 합산단가입력'!AF13=입력용!AK18,"MNS",IF('KT 합산단가입력'!AG13=입력용!AK18,"세이프","이룸")) -> MNS | AM18: =MAX('KT 합산단가입력'!AI13:AK13) -> 460000 | AN18: =IF('KT 합산단가입력'!AI13=입력용!AM18,"MNS",IF('KT 합산단가입력'!AJ13=입력용!AM18,"세이프","이룸")) -> MNS | AP18: =MAX('LG 합산단가입력'!Z13:AB13) -> 620000 | AQ18: =IF('LG 합산단가입력'!Z13=입력용!AP18,"마라톤",IF('LG 합산단가입력'!AA13=입력용!AP18,"골드","충청")) -> 마라톤 | AR18: =MAX('LG 합산단가입력'!AC13:AE13) -> 610000 | AS18: =IF('LG 합산단가입력'!AC13=입력용!AR18,"마라톤",IF('LG 합산단가입력'!AD13=입력용!AR18,"골드","충청")) -> 마라톤 | AT18: =MAX('LG 합산단가입력'!AG13:AI13) -> 680000 | AU18: =IF('LG 합산단가입력'!AG13=입력용!AT18,"마라톤",IF('LG 합산단가입력'!AH13=입력용!AT18,"골드","충청")) -> 마라톤 | AV18: =MAX('LG 합산단가입력'!AJ13:AL13) -> 670000 | AW18: =IF('LG 합산단가입력'!AJ13=입력용!AV18,"마라톤",IF('LG 합산단가입력'!AK13=입력용!AV18,"골드","충청")) -> 마라톤
C19: 갤럭시 S25 | D19: 1155000 | F19: 190000 | H19: =SUM(D19-F19-G19)-SUM(X19-R19) -> 605000 | I19: =SUM(D19-F19)-SUM(AB19-S19) -> 655000 | J19: 201000 | L19: =SUM(D19-J19-K19)-SUM(AG19-T19) -> 514000 | M19: =SUM(D19-J19)-SUM(AK19-U19) -> 624000 | N19: 204000 | P19: =SUM(D19-N19-O19)-SUM(AP19-V19) -> 361000 | Q19: =SUM(D19-N19)-SUM(AT19-W19) -> 321000 | R19: 0 | S19: 0 | T19: 0 | U19: 0 | V19: 0 | W19: 0 | X19: =MAX(SK합산단가입력!W14:Y14) -> 360000 | Y19: =IF(SK합산단가입력!W14=입력용!X19,"블루",IF(SK합산단가입력!X14=입력용!X19,"MSC","한음")) -> MSC | Z19: =MAX(SK합산단가입력!Z14:AB14) -> 410000 | AA19: =IF(SK합산단가입력!Z14=입력용!Z19,"블루",IF(SK합산단가입력!AA14=입력용!Z19,"MSC","한음")) -> MSC | AB19: =MAX(SK합산단가입력!AD14:AF14) -> 310000 | AC19: =IF(SK합산단가입력!AD14=입력용!AB19,"블루",IF(SK합산단가입력!AE14=입력용!AB19,"MSC","MSC")) -> MSC | AD19: =MAX(SK합산단가입력!AG14:AI14) -> 360000 | AE19: =IF(SK합산단가입력!AG14=입력용!AD19,"블루",IF(SK합산단가입력!AH14=입력용!AD19,"MSC","한음")) -> MSC | AF19: =C19 -> 갤럭시 S25 | AG19: =MAX('KT 합산단가입력'!Y14:AA14) -> 440000 | AH19: =IF('KT 합산단가입력'!Y14=입력용!AG19,"MNS",IF('KT 합산단가입력'!Z14=입력용!AG19,"세이프","이룸")) -> MNS | AI19: =MAX('KT 합산단가입력'!AB14:AD14) -> 470000 | AJ19: =IF('KT 합산단가입력'!AB14=입력용!AI19,"MNS",IF('KT 합산단가입력'!AC14=입력용!AI19,"세이프","이룸")) -> MNS | AK19: =MAX('KT 합산단가입력'!AF14:AH14) -> 330000 | AL19: =IF('KT 합산단가입력'!AF14=입력용!AK19,"MNS",IF('KT 합산단가입력'!AG14=입력용!AK19,"세이프","이룸")) -> 이룸 | AM19: =MAX('KT 합산단가입력'!AI14:AK14) -> 360000 | AN19: =IF('KT 합산단가입력'!AI14=입력용!AM19,"MNS",IF('KT 합산단가입력'!AJ14=입력용!AM19,"세이프","이룸")) -> 이룸 | AO19: =C19 -> 갤럭시 S25 | AP19: =MAX('LG 합산단가입력'!Z14:AB14) -> 590000 | AQ19: =IF('LG 합산단가입력'!Z14=입력용!AP19,"마라톤",IF('LG 합산단가입력'!AA14=입력용!AP19,"골드","충청")) -> 충청 | AR19: =MAX('LG 합산단가입력'!AC14:AE14) -> 590000 | AS19: =IF('LG 합산단가입력'!AC14=입력용!AR19,"마라톤",IF('LG 합산단가입력'!AD14=입력용!AR19,"골드","충청")) -> 충청 | AT19: =MAX('LG 합산단가입력'!AG14:AI14) -> 630000 | AU19: =IF('LG 합산단가입력'!AG14=입력용!AT19,"마라톤",IF('LG 합산단가입력'!AH14=입력용!AT19,"골드","충청")) -> 충청 | AV19: =MAX('LG 합산단가입력'!AJ14:AL14) -> 630000 | AW19: =IF('LG 합산단가입력'!AJ14=입력용!AV19,"마라톤",IF('LG 합산단가입력'!AK14=입력용!AV19,"골드","충청")) -> 충청
C20: 갤럭시 S25+ | D20: 1353000 | F20: 190000 | H20: =SUM(D20-F20-G20)-SUM(X20-R20) -> 943000 | I20: =SUM(D20-F20)-SUM(AB20-S20) -> 1003000 | J20: 201000 | L20: =SUM(D20-J20-K20)-SUM(AG20-T20) -> 1072000 | M20: =SUM(D20-J20)-SUM(AK20-U20) -> 1072000 | N20: 204000 | P20: =SUM(D20-N20-O20)-SUM(AP20-V20) -> 1039000 | Q20: =SUM(D20-N20)-SUM(AT20-W20) -> 1039000 | R20: 0 | S20: 0 | T20: 0 | U20: 0 | V20: 0 | W20: 0 | X20: =MAX(SK합산단가입력!W15:Y15) -> 220000 | Y20: =IF(SK합산단가입력!W15=입력용!X20,"블루",IF(SK합산단가입력!X15=입력용!X20,"MSC","한음")) -> 블루 | Z20: =MAX(SK합산단가입력!Z15:AB15) -> 270000 | AA20: =IF(SK합산단가입력!Z15=입력용!Z20,"블루",IF(SK합산단가입력!AA15=입력용!Z20,"MSC","한음")) -> 블루 | AB20: =MAX(SK합산단가입력!AD15:AF15) -> 160000 | AC20: =IF(SK합산단가입력!AD15=입력용!AB20,"블루",IF(SK합산단가입력!AE15=입력용!AB20,"MSC","MSC")) -> 블루 | AD20: =MAX(SK합산단가입력!AG15:AI15) -> 210000 | AE20: =IF(SK합산단가입력!AG15=입력용!AD20,"블루",IF(SK합산단가입력!AH15=입력용!AD20,"MSC","한음")) -> 블루 | AF20: =C20 -> 갤럭시 S25+ | AG20: =MAX('KT 합산단가입력'!Y15:AA15) -> 80000 | AH20: =IF('KT 합산단가입력'!Y15=입력용!AG20,"MNS",IF('KT 합산단가입력'!Z15=입력용!AG20,"세이프","이룸")) -> 세이프 | AI20: =MAX('KT 합산단가입력'!AB15:AD15) -> 80000 | AJ20: =IF('KT 합산단가입력'!AB15=입력용!AI20,"MNS",IF('KT 합산단가입력'!AC15=입력용!AI20,"세이프","이룸")) -> 세이프 | AK20: =MAX('KT 합산단가입력'!AF15:AH15) -> 80000 | AL20: =IF('KT 합산단가입력'!AF15=입력용!AK20,"MNS",IF('KT 합산단가입력'!AG15=입력용!AK20,"세이프","이룸")) -> 세이프 | AM20: =MAX('KT 합산단가입력'!AI15:AK15) -> 80000 | AN20: =IF('KT 합산단가입력'!AI15=입력용!AM20,"MNS",IF('KT 합산단가입력'!AJ15=입력용!AM20,"세이프","이룸")) -> 세이프 | AO20: =C20 -> 갤럭시 S25+ | AP20: =MAX('LG 합산단가입력'!Z15:AB15) -> 110000 | AQ20: =IF('LG 합산단가입력'!Z15=입력용!AP20,"마라톤",IF('LG 합산단가입력'!AA15=입력용!AP20,"골드","충청")) -> 마라톤 | AR20: =MAX('LG 합산단가입력'!AC15:AE15) -> 100000 | AS20: =IF('LG 합산단가입력'!AC15=입력용!AR20,"마라톤",IF('LG 합산단가입력'!AD15=입력용!AR20,"골드","충청")) -> 마라톤 | AT20: =MAX('LG 합산단가입력'!AG15:AI15) -> 110000 | AU20: =IF('LG 합산단가입력'!AG15=입력용!AT20,"마라톤",IF('LG 합산단가입력'!AH15=입력용!AT20,"골드","충청")) -> 골드 | AV20: =MAX('LG 합산단가입력'!AJ15:AL15) -> 100000 | AW20: =IF('LG 합산단가입력'!AJ15=입력용!AV20,"마라톤",IF('LG 합산단가입력'!AK15=입력용!AV20,"골드","충청")) -> 골드
C21: 갤럭시 S25 울트라 | D21: 1698400 | F21: 190000 | H21: =SUM(D21-F21-G21)-SUM(X21-R21) -> 1148400 | I21: =SUM(D21-F21)-SUM(AB21-S21) -> 1198400 | J21: 201000 | L21: =SUM(D21-J21-K21)-SUM(AG21-T21) -> 1057400 | M21: =SUM(D21-J21)-SUM(AK21-U21) -> 1167400 | N21: 204000 | P21: =SUM(D21-N21-O21)-SUM(AP21-V21) -> 944400 | Q21: =SUM(D21-N21)-SUM(AT21-W21) -> 1074400 | R21: 0 | S21: 0 | T21: 0 | U21: 0 | V21: 0 | W21: 0 | X21: =MAX(SK합산단가입력!W16:Y16) -> 360000 | Y21: =IF(SK합산단가입력!W16=입력용!X21,"블루",IF(SK합산단가입력!X16=입력용!X21,"MSC","한음")) -> MSC | Z21: =MAX(SK합산단가입력!Z16:AB16) -> 410000 | AA21: =IF(SK합산단가입력!Z16=입력용!Z21,"블루",IF(SK합산단가입력!AA16=입력용!Z21,"MSC","한음")) -> MSC | AB21: =MAX(SK합산단가입력!AD16:AF16) -> 310000 | AC21: =IF(SK합산단가입력!AD16=입력용!AB21,"블루",IF(SK합산단가입력!AE16=입력용!AB21,"MSC","MSC")) -> MSC | AD21: =MAX(SK합산단가입력!AG16:AI16) -> 360000 | AE21: =IF(SK합산단가입력!AG16=입력용!AD21,"블루",IF(SK합산단가입력!AH16=입력용!AD21,"MSC","한음")) -> MSC | AF21: =C21 -> 갤럭시 S25 울트라 | AG21: =MAX('KT 합산단가입력'!Y16:AA16) -> 440000 | AH21: =IF('KT 합산단가입력'!Y16=입력용!AG21,"MNS",IF('KT 합산단가입력'!Z16=입력용!AG21,"세이프","이룸")) -> MNS | AI21: =MAX('KT 합산단가입력'!AB16:AD16) -> 470000 | AJ21: =IF('KT 합산단가입력'!AB16=입력용!AI21,"MNS",IF('KT 합산단가입력'!AC16=입력용!AI21,"세이프","이룸")) -> MNS | AK21: =MAX('KT 합산단가입력'!AF16:AH16) -> 330000 | AL21: =IF('KT 합산단가입력'!AF16=입력용!AK21,"MNS",IF('KT 합산단가입력'!AG16=입력용!AK21,"세이프","이룸")) -> 이룸 | AM21: =MAX('KT 합산단가입력'!AI16:AK16) -> 360000 | AN21: =IF('KT 합산단가입력'!AI16=입력용!AM21,"MNS",IF('KT 합산단가입력'!AJ16=입력용!AM21,"세이프","이룸")) -> 이룸 | AO21: =C21 -> 갤럭시 S25 울트라 | AP21: =MAX('LG 합산단가입력'!Z16:AB16) -> 550000 | AQ21: =IF('LG 합산단가입력'!Z16=입력용!AP21,"마라톤",IF('LG 합산단가입력'!AA16=입력용!AP21,"골드","충청")) -> 마라톤 | AR21: =MAX('LG 합산단가입력'!AC16:AE16) -> 540000 | AS21: =IF('LG 합산단가입력'!AC16=입력용!AR21,"마라톤",IF('LG 합산단가입력'!AD16=입력용!AR21,"골드","충청")) -> 마라톤 | AT21: =MAX('LG 합산단가입력'!AG16:AI16) -> 420000 | AU21: =IF('LG 합산단가입력'!AG16=입력용!AT21,"마라톤",IF('LG 합산단가입력'!AH16=입력용!AT21,"골드","충청")) -> 마라톤 | AV21: =MAX('LG 합산단가입력'!AJ16:AL16) -> 410000 | AW21: =IF('LG 합산단가입력'!AJ16=입력용!AV21,"마라톤",IF('LG 합산단가입력'!AK16=입력용!AV21,"골드","충청")) -> 마라톤
C22: 갤럭시 S25 엣지 | D22: 1496000 | F22: 600000 | H22: =SUM(D22-F22-G22)-SUM(X22-R22) -> 426000 | I22: =SUM(D22-F22)-SUM(AB22-S22) -> 476000 | J22: 600000 | L22: =SUM(D22-J22-K22)-SUM(AG22-T22) -> 376000 | M22: =SUM(D22-J22)-SUM(AK22-U22) -> 296000 | N22: 600000 | P22: =SUM(D22-N22-O22)-SUM(AP22-V22) -> 246000 | Q22: =SUM(D22-N22)-SUM(AT22-W22) -> 206000 | R22: 0 | S22: 0 | T22: 0 | U22: 0 | V22: 0 | W22: 0 | X22: =MAX(SK합산단가입력!W17:Y17) -> 470000 | Y22: =IF(SK합산단가입력!W17=입력용!X22,"블루",IF(SK합산단가입력!X17=입력용!X22,"MSC","한음")) -> MSC | Z22: =MAX(SK합산단가입력!Z17:AB17) -> 300000 | AA22: =IF(SK합산단가입력!Z17=입력용!Z22,"블루",IF(SK합산단가입력!AA17=입력용!Z22,"MSC","한음")) -> 블루 | AB22: =MAX(SK합산단가입력!AD17:AF17) -> 420000 | AC22: =IF(SK합산단가입력!AD17=입력용!AB22,"블루",IF(SK합산단가입력!AE17=입력용!AB22,"MSC","MSC")) -> MSC | AD22: =MAX(SK합산단가입력!AG17:AI17) -> 240000 | AE22: =IF(SK합산단가입력!AG17=입력용!AD22,"블루",IF(SK합산단가입력!AH17=입력용!AD22,"MSC","한음")) -> 블루 | AF22: =C22 -> 갤럭시 S25 엣지 | AG22: =MAX('KT 합산단가입력'!Y17:AA17) -> 520000 | AH22: =IF('KT 합산단가입력'!Y17=입력용!AG22,"MNS",IF('KT 합산단가입력'!Z17=입력용!AG22,"세이프","이룸")) -> 이룸 | AI22: =MAX('KT 합산단가입력'!AB17:AD17) -> 550000 | AJ22: =IF('KT 합산단가입력'!AB17=입력용!AI22,"MNS",IF('KT 합산단가입력'!AC17=입력용!AI22,"세이프","이룸")) -> 이룸 | AK22: =MAX('KT 합산단가입력'!AF17:AH17) -> 600000 | AL22: =IF('KT 합산단가입력'!AF17=입력용!AK22,"MNS",IF('KT 합산단가입력'!AG17=입력용!AK22,"세이프","이룸")) -> MNS | AM22: =MAX('KT 합산단가입력'!AI17:AK17) -> 630000 | AN22: =IF('KT 합산단가입력'!AI17=입력용!AM22,"MNS",IF('KT 합산단가입력'!AJ17=입력용!AM22,"세이프","이룸")) -> MNS | AO22: =C22 -> 갤럭시 S25 엣지 | AP22: =MAX('LG 합산단가입력'!Z17:AB17) -> 650000 | AQ22: =IF('LG 합산단가입력'!Z17=입력용!AP22,"마라톤",IF('LG 합산단가입력'!AA17=입력용!AP22,"골드","충청")) -> 충청 | AR22: =MAX('LG 합산단가입력'!AC17:AE17) -> 650000 | AS22: =IF('LG 합산단가입력'!AC17=입력용!AR22,"마라톤",IF('LG 합산단가입력'!AD17=입력용!AR22,"골드","충청")) -> 충청 | AT22: =MAX('LG 합산단가입력'!AG17:AI17) -> 690000 | AU22: =IF('LG 합산단가입력'!AG17=입력용!AT22,"마라톤",IF('LG 합산단가입력'!AH17=입력용!AT22,"골드","충청")) -> 충청 | AV22: =MAX('LG 합산단가입력'!AJ17:AL17) -> 690000 | AW22: =IF('LG 합산단가입력'!AJ17=입력용!AV22,"마라톤",IF('LG 합산단가입력'!AK17=입력용!AV22,"골드","충청")) -> 충청
C23: 아이폰17 256G | D23: 1287000 | F23: 450000 | H23: =SUM(D23-F23-G23)-SUM(X23-R23) -> 267000 | I23: =SUM(D23-F23)-SUM(AB23-S23) -> 537000 | J23: 450000 | K23: 50000 | L23: =SUM(D23-J23-K23)-SUM(AG23-T23) -> 117000 | M23: =SUM(D23-J23)-SUM(AK23-U23) -> 527000 | N23: 450000 | O23: 100000 | P23: =SUM(D23-N23-O23)-SUM(AP23-V23) -> -53000 | Q23: =SUM(D23-N23)-SUM(AT23-W23) -> 367000 | R23: 0 | S23: 0 | T23: 0 | U23: 0 | V23: 0 | W23: 0 | X23: =MAX(SK합산단가입력!W18:Y18) -> 570000 | Y23: =IF(SK합산단가입력!W18=입력용!X23,"블루",IF(SK합산단가입력!X18=입력용!X23,"MSC","한음")) -> 블루 | Z23: =MAX(SK합산단가입력!Z18:AB18) -> 520000 | AA23: =IF(SK합산단가입력!Z18=입력용!Z23,"블루",IF(SK합산단가입력!AA18=입력용!Z23,"MSC","한음")) -> 블루 | AB23: =MAX(SK합산단가입력!AD18:AF18) -> 300000 | AC23: =IF(SK합산단가입력!AD18=입력용!AB23,"블루",IF(SK합산단가입력!AE18=입력용!AB23,"MSC","MSC")) -> 블루 | AD23: =MAX(SK합산단가입력!AG18:AI18) -> 250000 | AE23: =IF(SK합산단가입력!AG18=입력용!AD23,"블루",IF(SK합산단가입력!AH18=입력용!AD23,"MSC","한음")) -> 블루 | AF23: =C23 -> 아이폰17 256G | AG23: =MAX('KT 합산단가입력'!Y18:AA18) -> 670000 | AH23: =IF('KT 합산단가입력'!Y18=입력용!AG23,"MNS",IF('KT 합산단가입력'!Z18=입력용!AG23,"세이프","이룸")) -> MNS | AI23: =MAX('KT 합산단가입력'!AB18:AD18) -> 700000 | AJ23: =IF('KT 합산단가입력'!AB18=입력용!AI23,"MNS",IF('KT 합산단가입력'!AC18=입력용!AI23,"세이프","이룸")) -> MNS | AK23: =MAX('KT 합산단가입력'!AF18:AH18) -> 310000 | AL23: =IF('KT 합산단가입력'!AF18=입력용!AK23,"MNS",IF('KT 합산단가입력'!AG18=입력용!AK23,"세이프","이룸")) -> 이룸 | AM23: =MAX('KT 합산단가입력'!AI18:AK18) -> 340000 | AN23: =IF('KT 합산단가입력'!AI18=입력용!AM23,"MNS",IF('KT 합산단가입력'!AJ18=입력용!AM23,"세이프","이룸")) -> 이룸 | AO23: =C23 -> 아이폰17 256G | AP23: =MAX('LG 합산단가입력'!Z18:AB18) -> 790000 | AQ23: =IF('LG 합산단가입력'!Z18=입력용!AP23,"마라톤",IF('LG 합산단가입력'!AA18=입력용!AP23,"골드","충청")) -> 마라톤 | AR23: =MAX('LG 합산단가입력'!AC18:AE18) -> 780000 | AS23: =IF('LG 합산단가입력'!AC18=입력용!AR23,"마라톤",IF('LG 합산단가입력'!AD18=입력용!AR23,"골드","충청")) -> 마라톤 | AT23: =MAX('LG 합산단가입력'!AG18:AI18) -> 470000 | AU23: =IF('LG 합산단가입력'!AG18=입력용!AT23,"마라톤",IF('LG 합산단가입력'!AH18=입력용!AT23,"골드","충청")) -> 마라톤 | AV23: =MAX('LG 합산단가입력'!AJ18:AL18) -> 470000 | AW23: =IF('LG 합산단가입력'!AJ18=입력용!AV23,"마라톤",IF('LG 합산단가입력'!AK18=입력용!AV23,"골드","충청")) -> 충청
C24: 아이폰17 에어 256G | D24: 1584000 | F24: 450000 | H24: =SUM(D24-F24-G24)-SUM(X24-R24) -> 534000 | I24: =SUM(D24-F24)-SUM(AB24-S24) -> 834000 | J24: 450000 | L24: =SUM(D24-J24-K24)-SUM(AG24-T24) -> 464000 | M24: =SUM(D24-J24)-SUM(AK24-U24) -> 824000 | N24: 450000 | O24: 100000 | P24: =SUM(D24-N24-O24)-SUM(AP24-V24) -> 244000 | Q24: =SUM(D24-N24)-SUM(AT24-W24) -> 664000 | R24: 0 | S24: 0 | T24: 0 | U24: 0 | V24: 0 | W24: 0 | X24: =MAX(SK합산단가입력!W19:Y19) -> 600000 | Y24: =IF(SK합산단가입력!W19=입력용!X24,"블루",IF(SK합산단가입력!X19=입력용!X24,"MSC","한음")) -> 블루 | Z24: =MAX(SK합산단가입력!Z19:AB19) -> 550000 | AA24: =IF(SK합산단가입력!Z19=입력용!Z24,"블루",IF(SK합산단가입력!AA19=입력용!Z24,"MSC","한음")) -> 블루 | AB24: =MAX(SK합산단가입력!AD19:AF19) -> 300000 | AC24: =IF(SK합산단가입력!AD19=입력용!AB24,"블루",IF(SK합산단가입력!AE19=입력용!AB24,"MSC","MSC")) -> 블루 | AD24: =MAX(SK합산단가입력!AG19:AI19) -> 250000 | AE24: =IF(SK합산단가입력!AG19=입력용!AD24,"블루",IF(SK합산단가입력!AH19=입력용!AD24,"MSC","한음")) -> 블루 | AF24: =C24 -> 아이폰17 에어 256G | AG24: =MAX('KT 합산단가입력'!Y19:AA19) -> 670000 | AH24: =IF('KT 합산단가입력'!Y19=입력용!AG24,"MNS",IF('KT 합산단가입력'!Z19=입력용!AG24,"세이프","이룸")) -> MNS | AI24: =MAX('KT 합산단가입력'!AB19:AD19) -> 700000 | AJ24: =IF('KT 합산단가입력'!AB19=입력용!AI24,"MNS",IF('KT 합산단가입력'!AC19=입력용!AI24,"세이프","이룸")) -> MNS | AK24: =MAX('KT 합산단가입력'!AF19:AH19) -> 310000 | AL24: =IF('KT 합산단가입력'!AF19=입력용!AK24,"MNS",IF('KT 합산단가입력'!AG19=입력용!AK24,"세이프","이룸")) -> 이룸 | AM24: =MAX('KT 합산단가입력'!AI19:AK19) -> 340000 | AN24: =IF('KT 합산단가입력'!AI19=입력용!AM24,"MNS",IF('KT 합산단가입력'!AJ19=입력용!AM24,"세이프","이룸")) -> 이룸 | AO24: =C24 -> 아이폰17 에어 256G | AP24: =MAX('LG 합산단가입력'!Z19:AB19) -> 790000 | AQ24: =IF('LG 합산단가입력'!Z19=입력용!AP24,"마라톤",IF('LG 합산단가입력'!AA19=입력용!AP24,"골드","충청")) -> 마라톤 | AR24: =MAX('LG 합산단가입력'!AC19:AE19) -> 780000 | AS24: =IF('LG 합산단가입력'!AC19=입력용!AR24,"마라톤",IF('LG 합산단가입력'!AD19=입력용!AR24,"골드","충청")) -> 마라톤 | AT24: =MAX('LG 합산단가입력'!AG19:AI19) -> 470000 | AU24: =IF('LG 합산단가입력'!AG19=입력용!AT24,"마라톤",IF('LG 합산단가입력'!AH19=입력용!AT24,"골드","충청")) -> 마라톤 | AV24: =MAX('LG 합산단가입력'!AJ19:AL19) -> 470000 | AW24: =IF('LG 합산단가입력'!AJ19=입력용!AV24,"마라톤",IF('LG 합산단가입력'!AK19=입력용!AV24,"골드","충청")) -> 충청
C25: 아이폰17 프로 256G | D25: 1782000 | F25: 450000 | H25: =SUM(D25-F25-G25)-SUM(X25-R25) -> 812000 | I25: =SUM(D25-F25)-SUM(AB25-S25) -> 1032000 | J25: 450000 | L25: =SUM(D25-J25-K25)-SUM(AG25-T25) -> 662000 | M25: =SUM(D25-J25)-SUM(AK25-U25) -> 1022000 | N25: 450000 | O25: 100000 | P25: =SUM(D25-N25-O25)-SUM(AP25-V25) -> 492000 | Q25: =SUM(D25-N25)-SUM(AT25-W25) -> 902000 | R25: 0 | S25: 0 | T25: 0 | U25: 0 | V25: 0 | W25: 0 | X25: =MAX(SK합산단가입력!W20:Y20) -> 520000 | Y25: =IF(SK합산단가입력!W20=입력용!X25,"블루",IF(SK합산단가입력!X20=입력용!X25,"MSC","한음")) -> MSC | Z25: =MAX(SK합산단가입력!Z20:AB20) -> 470000 | AA25: =IF(SK합산단가입력!Z20=입력용!Z25,"블루",IF(SK합산단가입력!AA20=입력용!Z25,"MSC","한음")) -> MSC | AB25: =MAX(SK합산단가입력!AD20:AF20) -> 300000 | AC25: =IF(SK합산단가입력!AD20=입력용!AB25,"블루",IF(SK합산단가입력!AE20=입력용!AB25,"MSC","MSC")) -> 블루 | AD25: =MAX(SK합산단가입력!AG20:AI20) -> 250000 | AE25: =IF(SK합산단가입력!AG20=입력용!AD25,"블루",IF(SK합산단가입력!AH20=입력용!AD25,"MSC","한음")) -> 블루 | AF25: =C25 -> 아이폰17 프로 256G | AG25: =MAX('KT 합산단가입력'!Y20:AA20) -> 670000 | AH25: =IF('KT 합산단가입력'!Y20=입력용!AG25,"MNS",IF('KT 합산단가입력'!Z20=입력용!AG25,"세이프","이룸")) -> MNS | AI25: =MAX('KT 합산단가입력'!AB20:AD20) -> 700000 | AJ25: =IF('KT 합산단가입력'!AB20=입력용!AI25,"MNS",IF('KT 합산단가입력'!AC20=입력용!AI25,"세이프","이룸")) -> MNS | AK25: =MAX('KT 합산단가입력'!AF20:AH20) -> 310000 | AL25: =IF('KT 합산단가입력'!AF20=입력용!AK25,"MNS",IF('KT 합산단가입력'!AG20=입력용!AK25,"세이프","이룸")) -> 이룸 | AM25: =MAX('KT 합산단가입력'!AI20:AK20) -> 340000 | AN25: =IF('KT 합산단가입력'!AI20=입력용!AM25,"MNS",IF('KT 합산단가입력'!AJ20=입력용!AM25,"세이프","이룸")) -> 이룸 | AO25: =C25 -> 아이폰17 프로 256G | AP25: =MAX('LG 합산단가입력'!Z20:AB20) -> 740000 | AQ25: =IF('LG 합산단가입력'!Z20=입력용!AP25,"마라톤",IF('LG 합산단가입력'!AA20=입력용!AP25,"골드","충청")) -> 골드 | AR25: =MAX('LG 합산단가입력'!AC20:AE20) -> 730000 | AS25: =IF('LG 합산단가입력'!AC20=입력용!AR25,"마라톤",IF('LG 합산단가입력'!AD20=입력용!AR25,"골드","충청")) -> 골드 | AT25: =MAX('LG 합산단가입력'!AG20:AI20) -> 430000 | AU25: =IF('LG 합산단가입력'!AG20=입력용!AT25,"마라톤",IF('LG 합산단가입력'!AH20=입력용!AT25,"골드","충청")) -> 마라톤 | AV25: =MAX('LG 합산단가입력'!AJ20:AL20) -> 420000 | AW25: =IF('LG 합산단가입력'!AJ20=입력용!AV25,"마라톤",IF('LG 합산단가입력'!AK20=입력용!AV25,"골드","충청")) -> 마라톤
C26: 아이폰17 프로맥스 256G | D26: 1980000 | F26: 220000 | H26: =SUM(D26-F26-G26)-SUM(X26-R26) -> 1490000 | I26: =SUM(D26-F26)-SUM(AB26-S26) -> 1460000 | J26: 201000 | L26: =SUM(D26-J26-K26)-SUM(AG26-T26) -> 1169000 | M26: =SUM(D26-J26)-SUM(AK26-U26) -> 1519000 | N26: 204000 | P26: =SUM(D26-N26-O26)-SUM(AP26-V26) -> 1056000 | Q26: =SUM(D26-N26)-SUM(AT26-W26) -> 1346000 | R26: 0 | S26: 0 | T26: 0 | U26: 0 | V26: 0 | W26: 0 | X26: =MAX(SK합산단가입력!W21:Y21) -> 270000 | Y26: =IF(SK합산단가입력!W21=입력용!X26,"블루",IF(SK합산단가입력!X21=입력용!X26,"MSC","한음")) -> MSC | Z26: =MAX(SK합산단가입력!Z21:AB21) -> 520000 | AA26: =IF(SK합산단가입력!Z21=입력용!Z26,"블루",IF(SK합산단가입력!AA21=입력용!Z26,"MSC","한음")) -> MSC | AB26: =MAX(SK합산단가입력!AD21:AF21) -> 300000 | AC26: =IF(SK합산단가입력!AD21=입력용!AB26,"블루",IF(SK합산단가입력!AE21=입력용!AB26,"MSC","MSC")) -> 블루 | AD26: =MAX(SK합산단가입력!AG21:AI21) -> 250000 | AE26: =IF(SK합산단가입력!AG21=입력용!AD26,"블루",IF(SK합산단가입력!AH21=입력용!AD26,"MSC","한음")) -> 블루 | AF26: =C26 -> 아이폰17 프로맥스 256G | AG26: =MAX('KT 합산단가입력'!Y21:AA21) -> 610000 | AH26: =IF('KT 합산단가입력'!Y21=입력용!AG26,"MNS",IF('KT 합산단가입력'!Z21=입력용!AG26,"세이프","이룸")) -> MNS | AI26: =MAX('KT 합산단가입력'!AB21:AD21) -> 640000 | AJ26: =IF('KT 합산단가입력'!AB21=입력용!AI26,"MNS",IF('KT 합산단가입력'!AC21=입력용!AI26,"세이프","이룸")) -> MNS | AK26: =MAX('KT 합산단가입력'!AF21:AH21) -> 260000 | AL26: =IF('KT 합산단가입력'!AF21=입력용!AK26,"MNS",IF('KT 합산단가입력'!AG21=입력용!AK26,"세이프","이룸")) -> 이룸 | AM26: =MAX('KT 합산단가입력'!AI21:AK21) -> 290000 | AN26: =IF('KT 합산단가입력'!AI21=입력용!AM26,"MNS",IF('KT 합산단가입력'!AJ21=입력용!AM26,"세이프","이룸")) -> 이룸 | AO26: =C26 -> 아이폰17 프로맥스 256G | AP26: =MAX('LG 합산단가입력'!Z21:AB21) -> 720000 | AQ26: =IF('LG 합산단가입력'!Z21=입력용!AP26,"마라톤",IF('LG 합산단가입력'!AA21=입력용!AP26,"골드","충청")) -> 마라톤 | AR26: =MAX('LG 합산단가입력'!AC21:AE21) -> 710000 | AS26: =IF('LG 합산단가입력'!AC21=입력용!AR26,"마라톤",IF('LG 합산단가입력'!AD21=입력용!AR26,"골드","충청")) -> 마라톤 | AT26: =MAX('LG 합산단가입력'!AG21:AI21) -> 430000 | AU26: =IF('LG 합산단가입력'!AG21=입력용!AT26,"마라톤",IF('LG 합산단가입력'!AH21=입력용!AT26,"골드","충청")) -> 마라톤 | AV26: =MAX('LG 합산단가입력'!AJ21:AL21) -> 420000 | AW26: =IF('LG 합산단가입력'!AJ21=입력용!AV26,"마라톤",IF('LG 합산단가입력'!AK21=입력용!AV26,"골드","충청")) -> 마라톤
C27: 아이폰16 128G | D27: 1243000 | F27: 220000 | H27: =SUM(D27-F27-G27)-SUM(X27-R27) -> 1023000 | I27: =SUM(D27-F27)-SUM(AB27-S27) -> 1023000 | J27: 550000 | K27: 150000 | L27: =SUM(D27-J27-K27)-SUM(AG27-T27) -> 463000 | M27: =SUM(D27-J27)-SUM(AK27-U27) -> 613000 | N27: 450000 | P27: =SUM(D27-N27-O27)-SUM(AP27-V27) -> 683000 | Q27: =SUM(D27-N27)-SUM(AT27-W27) -> 793000 | R27: 0 | S27: 0 | T27: 0 | U27: 0 | V27: 0 | W27: 0 | X27: =MAX(SK합산단가입력!W22:Y22) -> 0 | Y27: =IF(SK합산단가입력!W22=입력용!X27,"블루",IF(SK합산단가입력!X22=입력용!X27,"MSC","한음")) -> MSC | Z27: =MAX(SK합산단가입력!Z22:AB22) -> 20000 | AA27: =IF(SK합산단가입력!Z22=입력용!Z27,"블루",IF(SK합산단가입력!AA22=입력용!Z27,"MSC","한음")) -> 블루 | AB27: =MAX(SK합산단가입력!AD22:AF22) -> 0 | AC27: =IF(SK합산단가입력!AD22=입력용!AB27,"블루",IF(SK합산단가입력!AE22=입력용!AB27,"MSC","MSC")) -> MSC | AD27: =MAX(SK합산단가입력!AG22:AI22) -> 0 | AE27: =IF(SK합산단가입력!AG22=입력용!AD27,"블루",IF(SK합산단가입력!AH22=입력용!AD27,"MSC","한음")) -> MSC | AF27: =C27 -> 아이폰16 128G | AG27: =MAX('KT 합산단가입력'!Y22:AA22) -> 80000 | AH27: =IF('KT 합산단가입력'!Y22=입력용!AG27,"MNS",IF('KT 합산단가입력'!Z22=입력용!AG27,"세이프","이룸")) -> 세이프 | AI27: =MAX('KT 합산단가입력'!AB22:AD22) -> 80000 | AJ27: =IF('KT 합산단가입력'!AB22=입력용!AI27,"MNS",IF('KT 합산단가입력'!AC22=입력용!AI27,"세이프","이룸")) -> 세이프 | AK27: =MAX('KT 합산단가입력'!AF22:AH22) -> 80000 | AL27: =IF('KT 합산단가입력'!AF22=입력용!AK27,"MNS",IF('KT 합산단가입력'!AG22=입력용!AK27,"세이프","이룸")) -> 세이프 | AM27: =MAX('KT 합산단가입력'!AI22:AK22) -> 80000 | AN27: =IF('KT 합산단가입력'!AI22=입력용!AM27,"MNS",IF('KT 합산단가입력'!AJ22=입력용!AM27,"세이프","이룸")) -> 세이프 | AO27: =C27 -> 아이폰16 128G | AP27: =MAX('LG 합산단가입력'!Z22:AB22) -> 110000 | AQ27: =IF('LG 합산단가입력'!Z22=입력용!AP27,"마라톤",IF('LG 합산단가입력'!AA22=입력용!AP27,"골드","충청")) -> 마라톤 | AR27: =MAX('LG 합산단가입력'!AC22:AE22) -> 40000 | AS27: =IF('LG 합산단가입력'!AC22=입력용!AR27,"마라톤",IF('LG 합산단가입력'!AD22=입력용!AR27,"골드","충청")) -> 마라톤 | AT27: =MAX('LG 합산단가입력'!AG22:AI22) -> 0 | AU27: =IF('LG 합산단가입력'!AG22=입력용!AT27,"마라톤",IF('LG 합산단가입력'!AH22=입력용!AT27,"골드","충청")) -> 마라톤 | AV27: =MAX('LG 합산단가입력'!AJ22:AL22) -> 0 | AW27: =IF('LG 합산단가입력'!AJ22=입력용!AV27,"마라톤",IF('LG 합산단가입력'!AK22=입력용!AV27,"골드","충청")) -> 충청
C28: 아이폰16+ 128G | D28: 1342000 | F28: 220000 | H28: =SUM(D28-F28-G28)-SUM(X28-R28) -> 1122000 | I28: =SUM(D28-F28)-SUM(AB28-S28) -> 1122000 | J28: 550000 | L28: =SUM(D28-J28-K28)-SUM(AG28-T28) -> 712000 | M28: =SUM(D28-J28)-SUM(AK28-U28) -> 792000 | N28: 204000 | P28: =SUM(D28-N28-O28)-SUM(AP28-V28) -> 1048000 | Q28: =SUM(D28-N28)-SUM(AT28-W28) -> 1138000 | R28: 0 | S28: 0 | T28: 0 | U28: 0 | V28: 0 | W28: 0 | X28: =MAX(SK합산단가입력!W23:Y23) -> 0 | Y28: =IF(SK합산단가입력!W23=입력용!X28,"블루",IF(SK합산단가입력!X23=입력용!X28,"MSC","한음")) -> MSC | Z28: =MAX(SK합산단가입력!Z23:AB23) -> 20000 | AA28: =IF(SK합산단가입력!Z23=입력용!Z28,"블루",IF(SK합산단가입력!AA23=입력용!Z28,"MSC","한음")) -> 블루 | AB28: =MAX(SK합산단가입력!AD23:AF23) -> 0 | AC28: =IF(SK합산단가입력!AD23=입력용!AB28,"블루",IF(SK합산단가입력!AE23=입력용!AB28,"MSC","MSC")) -> MSC | AD28: =MAX(SK합산단가입력!AG23:AI23) -> 0 | AE28: =IF(SK합산단가입력!AG23=입력용!AD28,"블루",IF(SK합산단가입력!AH23=입력용!AD28,"MSC","한음")) -> MSC | AF28: =C28 -> 아이폰16+ 128G | AG28: =MAX('KT 합산단가입력'!Y23:AA23) -> 80000 | AH28: =IF('KT 합산단가입력'!Y23=입력용!AG28,"MNS",IF('KT 합산단가입력'!Z23=입력용!AG28,"세이프","이룸")) -> 세이프 | AI28: =MAX('KT 합산단가입력'!AB23:AD23) -> 80000 | AJ28: =IF('KT 합산단가입력'!AB23=입력용!AI28,"MNS",IF('KT 합산단가입력'!AC23=입력용!AI28,"세이프","이룸")) -> 세이프 | AK28: =MAX('KT 합산단가입력'!AF23:AH23) -> 0 | AL28: =IF('KT 합산단가입력'!AF23=입력용!AK28,"MNS",IF('KT 합산단가입력'!AG23=입력용!AK28,"세이프","이룸")) -> MNS | AM28: =MAX('KT 합산단가입력'!AI23:AK23) -> 0 | AN28: =IF('KT 합산단가입력'!AI23=입력용!AM28,"MNS",IF('KT 합산단가입력'!AJ23=입력용!AM28,"세이프","이룸")) -> MNS | AO28: =C28 -> 아이폰16+ 128G | AP28: =MAX('LG 합산단가입력'!Z23:AB23) -> 90000 | AQ28: =IF('LG 합산단가입력'!Z23=입력용!AP28,"마라톤",IF('LG 합산단가입력'!AA23=입력용!AP28,"골드","충청")) -> 골드 | AR28: =MAX('LG 합산단가입력'!AC23:AE23) -> 30000 | AS28: =IF('LG 합산단가입력'!AC23=입력용!AR28,"마라톤",IF('LG 합산단가입력'!AD23=입력용!AR28,"골드","충청")) -> 골드 | AT28: =MAX('LG 합산단가입력'!AG23:AI23) -> 0 | AU28: =IF('LG 합산단가입력'!AG23=입력용!AT28,"마라톤",IF('LG 합산단가입력'!AH23=입력용!AT28,"골드","충청")) -> 마라톤 | AV28: =MAX('LG 합산단가입력'!AJ23:AL23) -> 0 | AW28: =IF('LG 합산단가입력'!AJ23=입력용!AV28,"마라톤",IF('LG 합산단가입력'!AK23=입력용!AV28,"골드","충청")) -> 충청
C29: 아이폰16 프로 128G | D29: 1540000 | F29: 220000 | H29: =SUM(D29-F29-G29)-SUM(X29-R29) -> 1320000 | I29: =SUM(D29-F29)-SUM(AB29-S29) -> 1320000 | J29: 550000 | K29: 100000 | L29: =SUM(D29-J29-K29)-SUM(AG29-T29) -> 810000 | M29: =SUM(D29-J29)-SUM(AK29-U29) -> 910000 | N29: 450000 | P29: =SUM(D29-N29-O29)-SUM(AP29-V29) -> 980000 | Q29: =SUM(D29-N29)-SUM(AT29-W29) -> 1090000 | R29: 0 | S29: 0 | T29: 0 | U29: 0 | V29: 0 | W29: 0 | X29: =MAX(SK합산단가입력!W24:Y24) -> 0 | Y29: =IF(SK합산단가입력!W24=입력용!X29,"블루",IF(SK합산단가입력!X24=입력용!X29,"MSC","한음")) -> MSC | Z29: =MAX(SK합산단가입력!Z24:AB24) -> 20000 | AA29: =IF(SK합산단가입력!Z24=입력용!Z29,"블루",IF(SK합산단가입력!AA24=입력용!Z29,"MSC","한음")) -> 블루 | AB29: =MAX(SK합산단가입력!AD24:AF24) -> 0 | AC29: =IF(SK합산단가입력!AD24=입력용!AB29,"블루",IF(SK합산단가입력!AE24=입력용!AB29,"MSC","MSC")) -> MSC | AD29: =MAX(SK합산단가입력!AG24:AI24) -> 0 | AE29: =IF(SK합산단가입력!AG24=입력용!AD29,"블루",IF(SK합산단가입력!AH24=입력용!AD29,"MSC","한음")) -> MSC | AF29: =C29 -> 아이폰16 프로 128G | AG29: =MAX('KT 합산단가입력'!Y24:AA24) -> 80000 | AH29: =IF('KT 합산단가입력'!Y24=입력용!AG29,"MNS",IF('KT 합산단가입력'!Z24=입력용!AG29,"세이프","이룸")) -> 세이프 | AI29: =MAX('KT 합산단가입력'!AB24:AD24) -> 80000 | AJ29: =IF('KT 합산단가입력'!AB24=입력용!AI29,"MNS",IF('KT 합산단가입력'!AC24=입력용!AI29,"세이프","이룸")) -> 세이프 | AK29: =MAX('KT 합산단가입력'!AF24:AH24) -> 80000 | AL29: =IF('KT 합산단가입력'!AF24=입력용!AK29,"MNS",IF('KT 합산단가입력'!AG24=입력용!AK29,"세이프","이룸")) -> 세이프 | AM29: =MAX('KT 합산단가입력'!AI24:AK24) -> 80000 | AN29: =IF('KT 합산단가입력'!AI24=입력용!AM29,"MNS",IF('KT 합산단가입력'!AJ24=입력용!AM29,"세이프","이룸")) -> 세이프 | AO29: =C29 -> 아이폰16 프로 128G | AP29: =MAX('LG 합산단가입력'!Z24:AB24) -> 110000 | AQ29: =IF('LG 합산단가입력'!Z24=입력용!AP29,"마라톤",IF('LG 합산단가입력'!AA24=입력용!AP29,"골드","충청")) -> 마라톤 | AR29: =MAX('LG 합산단가입력'!AC24:AE24) -> 40000 | AS29: =IF('LG 합산단가입력'!AC24=입력용!AR29,"마라톤",IF('LG 합산단가입력'!AD24=입력용!AR29,"골드","충청")) -> 마라톤 | AT29: =MAX('LG 합산단가입력'!AG24:AI24) -> 0 | AU29: =IF('LG 합산단가입력'!AG24=입력용!AT29,"마라톤",IF('LG 합산단가입력'!AH24=입력용!AT29,"골드","충청")) -> 마라톤 | AV29: =MAX('LG 합산단가입력'!AJ24:AL24) -> 0 | AW29: =IF('LG 합산단가입력'!AJ24=입력용!AV29,"마라톤",IF('LG 합산단가입력'!AK24=입력용!AV29,"골드","충청")) -> 충청
C30: 아이폰16 프로맥스 256G | D30: 1892000 | F30: 220000 | H30: =SUM(D30-F30-G30)-SUM(X30-R30) -> 1672000 | I30: =SUM(D30-F30)-SUM(AB30-S30) -> 1672000 | J30: 550000 | K30: 100000 | L30: =SUM(D30-J30-K30)-SUM(AG30-T30) -> 1162000 | M30: =SUM(D30-J30)-SUM(AK30-U30) -> 1262000 | N30: 450000 | P30: =SUM(D30-N30-O30)-SUM(AP30-V30) -> 1332000 | Q30: =SUM(D30-N30)-SUM(AT30-W30) -> 1442000 | R30: 0 | S30: 0 | T30: 0 | U30: 0 | V30: 0 | W30: 0 | X30: =MAX(SK합산단가입력!W25:Y25) -> 0 | Y30: =IF(SK합산단가입력!W25=입력용!X30,"블루",IF(SK합산단가입력!X25=입력용!X30,"MSC","한음")) -> MSC | Z30: =MAX(SK합산단가입력!Z25:AB25) -> 20000 | AA30: =IF(SK합산단가입력!Z25=입력용!Z30,"블루",IF(SK합산단가입력!AA25=입력용!Z30,"MSC","한음")) -> 블루 | AB30: =MAX(SK합산단가입력!AD25:AF25) -> 0 | AC30: =IF(SK합산단가입력!AD25=입력용!AB30,"블루",IF(SK합산단가입력!AE25=입력용!AB30,"MSC","MSC")) -> MSC | AD30: =MAX(SK합산단가입력!AG25:AI25) -> 0 | AE30: =IF(SK합산단가입력!AG25=입력용!AD30,"블루",IF(SK합산단가입력!AH25=입력용!AD30,"MSC","한음")) -> MSC | AF30: =C30 -> 아이폰16 프로맥스 256G | AG30: =MAX('KT 합산단가입력'!Y25:AA25) -> 80000 | AH30: =IF('KT 합산단가입력'!Y25=입력용!AG30,"MNS",IF('KT 합산단가입력'!Z25=입력용!AG30,"세이프","이룸")) -> 세이프 | AI30: =MAX('KT 합산단가입력'!AB25:AD25) -> 80000 | AJ30: =IF('KT 합산단가입력'!AB25=입력용!AI30,"MNS",IF('KT 합산단가입력'!AC25=입력용!AI30,"세이프","이룸")) -> 세이프 | AK30: =MAX('KT 합산단가입력'!AF25:AH25) -> 80000 | AL30: =IF('KT 합산단가입력'!AF25=입력용!AK30,"MNS",IF('KT 합산단가입력'!AG25=입력용!AK30,"세이프","이룸")) -> 세이프 | AM30: =MAX('KT 합산단가입력'!AI25:AK25) -> 80000 | AN30: =IF('KT 합산단가입력'!AI25=입력용!AM30,"MNS",IF('KT 합산단가입력'!AJ25=입력용!AM30,"세이프","이룸")) -> 세이프 | AO30: =C30 -> 아이폰16 프로맥스 256G | AP30: =MAX('LG 합산단가입력'!Z25:AB25) -> 110000 | AQ30: =IF('LG 합산단가입력'!Z25=입력용!AP30,"마라톤",IF('LG 합산단가입력'!AA25=입력용!AP30,"골드","충청")) -> 마라톤 | AR30: =MAX('LG 합산단가입력'!AC25:AE25) -> 40000 | AS30: =IF('LG 합산단가입력'!AC25=입력용!AR30,"마라톤",IF('LG 합산단가입력'!AD25=입력용!AR30,"골드","충청")) -> 마라톤 | AT30: =MAX('LG 합산단가입력'!AG25:AI25) -> 0 | AU30: =IF('LG 합산단가입력'!AG25=입력용!AT30,"마라톤",IF('LG 합산단가입력'!AH25=입력용!AT30,"골드","충청")) -> 마라톤 | AV30: =MAX('LG 합산단가입력'!AJ25:AL25) -> 0 | AW30: =IF('LG 합산단가입력'!AJ25=입력용!AV30,"마라톤",IF('LG 합산단가입력'!AK25=입력용!AV30,"골드","충청")) -> 충청
C31: 갤럭시 S25FE | D31: 946000 | F31: 500000 | H31: =SUM(D31-F31-G31)-SUM(X31-R31) -> -214000 | I31: =SUM(D31-F31)-SUM(AB31-S31) -> -4000 | J31: 500000 | L31: =SUM(D31-J31-K31)-SUM(AG31-T31) -> 36000 | M31: =SUM(D31-J31)-SUM(AK31-U31) -> 66000 | N31: 500000 | P31: =SUM(D31-N31-O31)-SUM(AP31-V31) -> -274000 | Q31: =SUM(D31-N31)-SUM(AT31-W31) -> 26000 | R31: 0 | S31: 0 | T31: 0 | U31: 0 | V31: 0 | W31: 0 | X31: =MAX(SK합산단가입력!W26:Y26) -> 660000 | Y31: =IF(SK합산단가입력!W26=입력용!X31,"블루",IF(SK합산단가입력!X26=입력용!X31,"MSC","한음")) -> 블루 | Z31: =MAX(SK합산단가입력!Z26:AB26) -> 560000 | AA31: =IF(SK합산단가입력!Z26=입력용!Z31,"블루",IF(SK합산단가입력!AA26=입력용!Z31,"MSC","한음")) -> 블루 | AB31: =MAX(SK합산단가입력!AD26:AF26) -> 450000 | AC31: =IF(SK합산단가입력!AD26=입력용!AB31,"블루",IF(SK합산단가입력!AE26=입력용!AB31,"MSC","MSC")) -> 블루 | AD31: =MAX(SK합산단가입력!AG26:AI26) -> 300000 | AE31: =IF(SK합산단가입력!AG26=입력용!AD31,"블루",IF(SK합산단가입력!AH26=입력용!AD31,"MSC","한음")) -> 블루 | AF31: =C31 -> 갤럭시 S25FE | AG31: =MAX('KT 합산단가입력'!Y26:AA26) -> 410000 | AH31: =IF('KT 합산단가입력'!Y26=입력용!AG31,"MNS",IF('KT 합산단가입력'!Z26=입력용!AG31,"세이프","이룸")) -> 이룸 | AI31: =MAX('KT 합산단가입력'!AB26:AD26) -> 440000 | AJ31: =IF('KT 합산단가입력'!AB26=입력용!AI31,"MNS",IF('KT 합산단가입력'!AC26=입력용!AI31,"세이프","이룸")) -> 이룸 | AK31: =MAX('KT 합산단가입력'!AF26:AH26) -> 380000 | AL31: =IF('KT 합산단가입력'!AF26=입력용!AK31,"MNS",IF('KT 합산단가입력'!AG26=입력용!AK31,"세이프","이룸")) -> 이룸 | AM31: =MAX('KT 합산단가입력'!AI26:AK26) -> 410000 | AN31: =IF('KT 합산단가입력'!AI26=입력용!AM31,"MNS",IF('KT 합산단가입력'!AJ26=입력용!AM31,"세이프","이룸")) -> 이룸 | AO31: =C31 -> 갤럭시 S25FE | AP31: =MAX('LG 합산단가입력'!Z26:AB26) -> 720000 | AQ31: =IF('LG 합산단가입력'!Z26=입력용!AP31,"마라톤",IF('LG 합산단가입력'!AA26=입력용!AP31,"골드","충청")) -> 골드 | AR31: =MAX('LG 합산단가입력'!AC26:AE26) -> 710000 | AS31: =IF('LG 합산단가입력'!AC26=입력용!AR31,"마라톤",IF('LG 합산단가입력'!AD26=입력용!AR31,"골드","충청")) -> 골드 | AT31: =MAX('LG 합산단가입력'!AG26:AI26) -> 420000 | AU31: =IF('LG 합산단가입력'!AG26=입력용!AT31,"마라톤",IF('LG 합산단가입력'!AH26=입력용!AT31,"골드","충청")) -> 골드 | AV31: =MAX('LG 합산단가입력'!AJ26:AL26) -> 410000 | AW31: =IF('LG 합산단가입력'!AJ26=입력용!AV31,"마라톤",IF('LG 합산단가입력'!AK26=입력용!AV31,"골드","충청")) -> 골드
C32: 퀀텀6(A566) | D32: 618200 | F32: 357000 | G32: 0 | H32: =SUM(D32-F32-G32)-SUM(X32-R32) -> -138800 | I32: =SUM(D32-F32)-SUM(AB32-S32) -> 111200 | L32: =SUM(D32-J32-K32)-SUM(AG32-T32) -> 598200 | M32: =SUM(D32-J32)-SUM(AK32-U32) -> 618200 | P32: =SUM(D32-N32-O32)-SUM(AP32-V32) -> 558200 | Q32: =SUM(D32-N32)-SUM(AT32-W32) -> 558200 | R32: 0 | S32: 0 | T32: 0 | U32: 0 | V32: 0 | W32: 0 | X32: =MAX(SK합산단가입력!W27:Y27) -> 400000 | Y32: =IF(SK합산단가입력!W27=입력용!X32,"블루",IF(SK합산단가입력!X27=입력용!X32,"MSC","한음")) -> MSC | Z32: =MAX(SK합산단가입력!Z27:AB27) -> 600000 | AA32: =IF(SK합산단가입력!Z27=입력용!Z32,"블루",IF(SK합산단가입력!AA27=입력용!Z32,"MSC","한음")) -> MSC | AB32: =MAX(SK합산단가입력!AD27:AF27) -> 150000 | AC32: =IF(SK합산단가입력!AD27=입력용!AB32,"블루",IF(SK합산단가입력!AE27=입력용!AB32,"MSC","MSC")) -> MSC | AD32: =MAX(SK합산단가입력!AG27:AI27) -> 400000 | AE32: =IF(SK합산단가입력!AG27=입력용!AD32,"블루",IF(SK합산단가입력!AH27=입력용!AD32,"MSC","한음")) -> MSC | AF32: =C32 -> 퀀텀6(A566) | AG32: =MAX('KT 합산단가입력'!Y27:AA27) -> 20000 | AH32: =IF('KT 합산단가입력'!Y27=입력용!AG32,"MNS",IF('KT 합산단가입력'!Z27=입력용!AG32,"세이프","이룸")) -> MNS | AI32: =MAX('KT 합산단가입력'!AB27:AD27) -> 40000 | AJ32: =IF('KT 합산단가입력'!AB27=입력용!AI32,"MNS",IF('KT 합산단가입력'!AC27=입력용!AI32,"세이프","이룸")) -> MNS | AK32: =MAX('KT 합산단가입력'!AF27:AH27) -> 0 | AL32: =IF('KT 합산단가입력'!AF27=입력용!AK32,"MNS",IF('KT 합산단가입력'!AG27=입력용!AK32,"세이프","이룸")) -> MNS | AM32: =MAX('KT 합산단가입력'!AI27:AK27) -> 20000 | AN32: =IF('KT 합산단가입력'!AI27=입력용!AM32,"MNS",IF('KT 합산단가입력'!AJ27=입력용!AM32,"세이프","이룸")) -> MNS | AO32: =C32 -> 퀀텀6(A566) | AP32: =MAX('LG 합산단가입력'!Z27:AB27) -> 60000 | AQ32: =IF('LG 합산단가입력'!Z27=입력용!AP32,"마라톤",IF('LG 합산단가입력'!AA27=입력용!AP32,"골드","충청")) -> 충청 | AR32: =MAX('LG 합산단가입력'!AC27:AE27) -> 30000 | AS32: =IF('LG 합산단가입력'!AC27=입력용!AR32,"마라톤",IF('LG 합산단가입력'!AD27=입력용!AR32,"골드","충청")) -> 충청 | AT32: =MAX('LG 합산단가입력'!AG27:AI27) -> 60000 | AU32: =IF('LG 합산단가입력'!AG27=입력용!AT32,"마라톤",IF('LG 합산단가입력'!AH27=입력용!AT32,"골드","충청")) -> 충청 | AV32: =MAX('LG 합산단가입력'!AJ27:AL27) -> 30000 | AW32: =IF('LG 합산단가입력'!AJ27=입력용!AV32,"마라톤",IF('LG 합산단가입력'!AK27=입력용!AV32,"골드","충청")) -> 충청
C33: 갤럭시 A36(5G컴팩트) | D33: 499400 | F33: 400000 | H33: =SUM(D33-F33-G33)-SUM(X33-R33) -> 39400 | I33: =SUM(D33-F33)-SUM(AB33-S33) -> 49400 | J33: 435000 | L33: =SUM(D33-J33-K33)-SUM(AG33-T33) -> -335600 | M33: =SUM(D33-J33)-SUM(AK33-U33) -> -215600 | N33: 204000 | P33: =SUM(D33-N33-O33)-SUM(AP33-V33) -> 235400 | Q33: =SUM(D33-N33)-SUM(AT33-W33) -> 235400 | R33: 0 | S33: 0 | T33: 0 | U33: 0 | V33: 0 | W33: 0 | X33: =MAX(SK합산단가입력!W28:Y28) -> 60000 | Y33: =IF(SK합산단가입력!W28=입력용!X33,"블루",IF(SK합산단가입력!X28=입력용!X33,"MSC","한음")) -> 블루 | Z33: =MAX(SK합산단가입력!Z28:AB28) -> 60000 | AA33: =IF(SK합산단가입력!Z28=입력용!Z33,"블루",IF(SK합산단가입력!AA28=입력용!Z33,"MSC","한음")) -> 블루 | AB33: =MAX(SK합산단가입력!AD28:AF28) -> 50000 | AC33: =IF(SK합산단가입력!AD28=입력용!AB33,"블루",IF(SK합산단가입력!AE28=입력용!AB33,"MSC","MSC")) -> MSC | AD33: =MAX(SK합산단가입력!AG28:AI28) -> 50000 | AE33: =IF(SK합산단가입력!AG28=입력용!AD33,"블루",IF(SK합산단가입력!AH28=입력용!AD33,"MSC","한음")) -> MSC | AF33: 갤럭시A36(61이상) | AG33: =MAX('KT 합산단가입력'!Y28:AA28) -> 400000 | AH33: =IF('KT 합산단가입력'!Y28=입력용!AG33,"MNS",IF('KT 합산단가입력'!Z28=입력용!AG33,"세이프","이룸")) -> 이룸 | AI33: =MAX('KT 합산단가입력'!AB28:AD28) -> 430000 | AJ33: =IF('KT 합산단가입력'!AB28=입력용!AI33,"MNS",IF('KT 합산단가입력'!AC28=입력용!AI33,"세이프","이룸")) -> 이룸 | AK33: =MAX('KT 합산단가입력'!AF28:AH28) -> 280000 | AL33: =IF('KT 합산단가입력'!AF28=입력용!AK33,"MNS",IF('KT 합산단가입력'!AG28=입력용!AK33,"세이프","이룸")) -> 이룸 | AM33: =MAX('KT 합산단가입력'!AI28:AK28) -> 310000 | AN33: =IF('KT 합산단가입력'!AI28=입력용!AM33,"MNS",IF('KT 합산단가입력'!AJ28=입력용!AM33,"세이프","이룸")) -> 이룸 | AO33: 갤럭시A36(61이상) | AP33: =MAX('LG 합산단가입력'!Z28:AB28) -> 60000 | AQ33: =IF('LG 합산단가입력'!Z28=입력용!AP33,"마라톤",IF('LG 합산단가입력'!AA28=입력용!AP33,"골드","충청")) -> 충청 | AR33: =MAX('LG 합산단가입력'!AC28:AE28) -> 30000 | AS33: =IF('LG 합산단가입력'!AC28=입력용!AR33,"마라톤",IF('LG 합산단가입력'!AD28=입력용!AR33,"골드","충청")) -> 충청 | AT33: =MAX('LG 합산단가입력'!AG28:AI28) -> 60000 | AU33: =IF('LG 합산단가입력'!AG28=입력용!AT33,"마라톤",IF('LG 합산단가입력'!AH28=입력용!AT33,"골드","충청")) -> 충청 | AV33: =MAX('LG 합산단가입력'!AJ28:AL28) -> 30000 | AW33: =IF('LG 합산단가입력'!AJ28=입력용!AV33,"마라톤",IF('LG 합산단가입력'!AK28=입력용!AV33,"골드","충청")) -> 충청
H34: =SUM(D34-F34-G34)-SUM(X34-R34) -> 0 | I34: =SUM(D34-F34)-SUM(AB34-S34) -> 0 | L34: =SUM(D34-J34-K34)-SUM(AG34-T34) -> -20000 | M34: =SUM(D34-J34)-SUM(AK34-U34) -> 0 | P34: =SUM(D34-N34-O34)-SUM(AP34-V34) -> -60000 | Q34: =SUM(D34-N34)-SUM(AT34-W34) -> -60000 | R34: 0 | S34: 0 | T34: 0 | U34: 0 | V34: 0 | W34: 0 | X34: =MAX(SK합산단가입력!W29:Y29) -> 0 | Y34: =IF(SK합산단가입력!W29=입력용!X34,"블루",IF(SK합산단가입력!X29=입력용!X34,"MSC","한음")) -> MSC | Z34: =MAX(SK합산단가입력!Z29:AB29) -> 0 | AA34: =IF(SK합산단가입력!Z29=입력용!Z34,"블루",IF(SK합산단가입력!AA29=입력용!Z34,"MSC","한음")) -> MSC | AB34: =MAX(SK합산단가입력!AD29:AF29) -> 0 | AC34: =IF(SK합산단가입력!AD29=입력용!AB34,"블루",IF(SK합산단가입력!AE29=입력용!AB34,"MSC","MSC")) -> MSC | AD34: =MAX(SK합산단가입력!AG29:AI29) -> 0 | AE34: =IF(SK합산단가입력!AG29=입력용!AD34,"블루",IF(SK합산단가입력!AH29=입력용!AD34,"MSC","한음")) -> MSC | AF34: =C34 -> 0 | AG34: =MAX('KT 합산단가입력'!Y29:AA29) -> 20000 | AH34: =IF('KT 합산단가입력'!Y29=입력용!AG34,"MNS",IF('KT 합산단가입력'!Z29=입력용!AG34,"세이프","이룸")) -> MNS | AI34: =MAX('KT 합산단가입력'!AB29:AD29) -> 40000 | AJ34: =IF('KT 합산단가입력'!AB29=입력용!AI34,"MNS",IF('KT 합산단가입력'!AC29=입력용!AI34,"세이프","이룸")) -> MNS | AK34: =MAX('KT 합산단가입력'!AF29:AH29) -> 0 | AL34: =IF('KT 합산단가입력'!AF29=입력용!AK34,"MNS",IF('KT 합산단가입력'!AG29=입력용!AK34,"세이프","이룸")) -> MNS | AM34: =MAX('KT 합산단가입력'!AI29:AK29) -> 20000 | AN34: =IF('KT 합산단가입력'!AI29=입력용!AM34,"MNS",IF('KT 합산단가입력'!AJ29=입력용!AM34,"세이프","이룸")) -> MNS | AO34: =C34 -> 0 | AP34: =MAX('LG 합산단가입력'!Z29:AB29) -> 60000 | AQ34: =IF('LG 합산단가입력'!Z29=입력용!AP34,"마라톤",IF('LG 합산단가입력'!AA29=입력용!AP34,"골드","충청")) -> 충청 | AR34: =MAX('LG 합산단가입력'!AC29:AE29) -> 30000 | AS34: =IF('LG 합산단가입력'!AC29=입력용!AR34,"마라톤",IF('LG 합산단가입력'!AD29=입력용!AR34,"골드","충청")) -> 충청 | AT34: =MAX('LG 합산단가입력'!AG29:AI29) -> 60000 | AU34: =IF('LG 합산단가입력'!AG29=입력용!AT34,"마라톤",IF('LG 합산단가입력'!AH29=입력용!AT34,"골드","충청")) -> 충청 | AV34: =MAX('LG 합산단가입력'!AJ29:AL29) -> 30000 | AW34: =IF('LG 합산단가입력'!AJ29=입력용!AV34,"마라톤",IF('LG 합산단가입력'!AK29=입력용!AV34,"골드","충청")) -> 충청
C35: 점프4 (61이상) | D35: 449900 | H35: =SUM(D35-F35-G35)-SUM(X35-R35) -> 449900 | I35: =SUM(D35-F35)-SUM(AB35-S35) -> 449900 | J35: 412000 | L35: =SUM(D35-J35-K35)-SUM(AG35-T35) -> -482100 | M35: =SUM(D35-J35)-SUM(AK35-U35) -> -262100 | P35: =SUM(D35-N35-O35)-SUM(AP35-V35) -> 389900 | Q35: =SUM(D35-N35)-SUM(AT35-W35) -> 389900 | R35: 0 | S35: 0 | T35: 0 | U35: 0 | V35: 0 | W35: 0 | X35: =MAX(SK합산단가입력!W30:Y30) -> 0 | Y35: =IF(SK합산단가입력!W30=입력용!X35,"블루",IF(SK합산단가입력!X30=입력용!X35,"MSC","한음")) -> MSC | Z35: =MAX(SK합산단가입력!Z30:AB30) -> 0 | AA35: =IF(SK합산단가입력!Z30=입력용!Z35,"블루",IF(SK합산단가입력!AA30=입력용!Z35,"MSC","한음")) -> MSC | AB35: =MAX(SK합산단가입력!AD30:AF30) -> 0 | AC35: =IF(SK합산단가입력!AD30=입력용!AB35,"블루",IF(SK합산단가입력!AE30=입력용!AB35,"MSC","MSC")) -> MSC | AD35: =MAX(SK합산단가입력!AG30:AI30) -> 0 | AE35: =IF(SK합산단가입력!AG30=입력용!AD35,"블루",IF(SK합산단가입력!AH30=입력용!AD35,"MSC","한음")) -> MSC | AF35: =C35 -> 점프4 (61이상) | AG35: =MAX('KT 합산단가입력'!Y31:AA31) -> 520000 | AH35: =IF('KT 합산단가입력'!Y30=입력용!AG35,"MNS",IF('KT 합산단가입력'!Z30=입력용!AG35,"세이프","이룸")) -> 이룸 | AI35: =MAX('KT 합산단가입력'!AB31:AD31) -> 550000 | AJ35: =IF('KT 합산단가입력'!AB30=입력용!AI35,"MNS",IF('KT 합산단가입력'!AC30=입력용!AI35,"세이프","이룸")) -> 이룸 | AK35: =MAX('KT 합산단가입력'!AF31:AH31) -> 300000 | AL35: =IF('KT 합산단가입력'!AF30=입력용!AK35,"MNS",IF('KT 합산단가입력'!AG30=입력용!AK35,"세이프","이룸")) -> 이룸 | AM35: =MAX('KT 합산단가입력'!AI31:AK31) -> 330000 | AN35: =IF('KT 합산단가입력'!AI30=입력용!AM35,"MNS",IF('KT 합산단가입력'!AJ30=입력용!AM35,"세이프","이룸")) -> 이룸 | AO35: =C35 -> 점프4 (61이상) | AP35: =MAX('LG 합산단가입력'!Z30:AB30) -> 60000 | AQ35: =IF('LG 합산단가입력'!Z30=입력용!AP35,"마라톤",IF('LG 합산단가입력'!AA30=입력용!AP35,"골드","충청")) -> 충청 | AR35: =MAX('LG 합산단가입력'!AC30:AE30) -> 30000 | AS35: =IF('LG 합산단가입력'!AC30=입력용!AR35,"마라톤",IF('LG 합산단가입력'!AD30=입력용!AR35,"골드","충청")) -> 충청 | AT35: =MAX('LG 합산단가입력'!AG30:AI30) -> 60000 | AU35: =IF('LG 합산단가입력'!AG30=입력용!AT35,"마라톤",IF('LG 합산단가입력'!AH30=입력용!AT35,"골드","충청")) -> 충청 | AV35: =MAX('LG 합산단가입력'!AJ30:AL30) -> 30000 | AW35: =IF('LG 합산단가입력'!AJ30=입력용!AV35,"마라톤",IF('LG 합산단가입력'!AK30=입력용!AV35,"골드","충청")) -> 충청
C36: 갤럭시 A25 5G | D36: 449900 | F36: 154000 | H36: =SUM(D36-F36-G36)-SUM(X36-R36) -> 295900 | I36: =SUM(D36-F36)-SUM(AB36-S36) -> 295900 | J36: 431000 | L36: =SUM(D36-J36-K36)-SUM(AG36-T36) -> 18900 | M36: =SUM(D36-J36)-SUM(AK36-U36) -> -281100 | N36: 347000 | P36: =SUM(D36-N36-O36)-SUM(AP36-V36) -> 42900 | Q36: =SUM(D36-N36)-SUM(AT36-W36) -> 42900 | R36: 0 | S36: 0 | T36: 0 | U36: 0 | V36: 0 | W36: 0 | X36: =MAX(SK합산단가입력!W31:Y31) -> 0 | Y36: =IF(SK합산단가입력!W31=입력용!X36,"블루",IF(SK합산단가입력!X31=입력용!X36,"MSC","한음")) -> MSC | Z36: =MAX(SK합산단가입력!Z31:AB31) -> 0 | AA36: =IF(SK합산단가입력!Z31=입력용!Z36,"블루",IF(SK합산단가입력!AA31=입력용!Z36,"MSC","한음")) -> MSC | AB36: =MAX(SK합산단가입력!AD31:AF31) -> 0 | AC36: =IF(SK합산단가입력!AD31=입력용!AB36,"블루",IF(SK합산단가입력!AE31=입력용!AB36,"MSC","MSC")) -> MSC | AD36: =MAX(SK합산단가입력!AG31:AI31) -> 0 | AE36: =IF(SK합산단가입력!AG31=입력용!AD36,"블루",IF(SK합산단가입력!AH31=입력용!AD36,"MSC","한음")) -> MSC | AF36: =C36 -> 갤럭시 A25 5G | AG36: =MAX('KT 합산단가입력'!Y32:AA32) -> 0 | AH36: =IF('KT 합산단가입력'!Y31=입력용!AG36,"MNS",IF('KT 합산단가입력'!Z31=입력용!AG36,"세이프","이룸")) -> 이룸 | AI36: =MAX('KT 합산단가입력'!AB32:AD32) -> 0 | AJ36: =IF('KT 합산단가입력'!AB31=입력용!AI36,"MNS",IF('KT 합산단가입력'!AC31=입력용!AI36,"세이프","이룸")) -> 이룸 | AK36: =MAX('KT 합산단가입력'!AF31:AH31) -> 300000 | AL36: =IF('KT 합산단가입력'!AF31=입력용!AK36,"MNS",IF('KT 합산단가입력'!AG31=입력용!AK36,"세이프","이룸")) -> MNS | AM36: =MAX('KT 합산단가입력'!AI31:AK31) -> 330000 | AN36: =IF('KT 합산단가입력'!AI31=입력용!AM36,"MNS",IF('KT 합산단가입력'!AJ31=입력용!AM36,"세이프","이룸")) -> MNS | AO36: =C36 -> 갤럭시 A25 5G | AP36: =MAX('LG 합산단가입력'!Z31:AB31) -> 60000 | AQ36: =IF('LG 합산단가입력'!Z31=입력용!AP36,"마라톤",IF('LG 합산단가입력'!AA31=입력용!AP36,"골드","충청")) -> 충청 | AR36: =MAX('LG 합산단가입력'!AC31:AE31) -> 30000 | AS36: =IF('LG 합산단가입력'!AC31=입력용!AR36,"마라톤",IF('LG 합산단가입력'!AD31=입력용!AR36,"골드","충청")) -> 충청 | AT36: =MAX('LG 합산단가입력'!AG31:AI31) -> 60000 | AU36: =IF('LG 합산단가입력'!AG31=입력용!AT36,"마라톤",IF('LG 합산단가입력'!AH31=입력용!AT36,"골드","충청")) -> 충청 | AV36: =MAX('LG 합산단가입력'!AJ31:AL31) -> 30000 | AW36: =IF('LG 합산단가입력'!AJ31=입력용!AV36,"마라톤",IF('LG 합산단가입력'!AK31=입력용!AV36,"골드","충청")) -> 충청
C37: 버디4 (5G심플+) | D37: 399300 | H37: =SUM(D37-F37-G37)-SUM(X37-R37) -> 399300 | I37: =SUM(D37-F37)-SUM(AB37-S37) -> 399300 | L37: =SUM(D37-J37-K37)-SUM(AG37-T37) -> 399300 | M37: =SUM(D37-J37)-SUM(AK37-U37) -> 359300 | N37: 399000 | P37: =SUM(D37-N37-O37)-SUM(AP37-V37) -> -559700 | Q37: =SUM(D37-N37)-SUM(AT37-W37) -> -229700 | R37: 0 | S37: 0 | T37: 0 | U37: 0 | V37: 0 | W37: 0 | X37: =MAX(SK합산단가입력!W32:Y32) -> 0 | Y37: =IF(SK합산단가입력!W32=입력용!X37,"블루",IF(SK합산단가입력!X32=입력용!X37,"MSC","한음")) -> MSC | Z37: =MAX(SK합산단가입력!Z32:AB32) -> 0 | AA37: =IF(SK합산단가입력!Z32=입력용!Z37,"블루",IF(SK합산단가입력!AA32=입력용!Z37,"MSC","한음")) -> MSC | AB37: =MAX(SK합산단가입력!AD32:AF32) -> 0 | AC37: =IF(SK합산단가입력!AD32=입력용!AB37,"블루",IF(SK합산단가입력!AE32=입력용!AB37,"MSC","MSC")) -> MSC | AD37: =MAX(SK합산단가입력!AG32:AI32) -> 0 | AE37: =IF(SK합산단가입력!AG32=입력용!AD37,"블루",IF(SK합산단가입력!AH32=입력용!AD37,"MSC","한음")) -> MSC | AF37: =C37 -> 버디4 (5G심플+) | AG37: =MAX('KT 합산단가입력'!Y33:AA33) -> 0 | AH37: =IF('KT 합산단가입력'!Y32=입력용!AG37,"MNS",IF('KT 합산단가입력'!Z32=입력용!AG37,"세이프","이룸")) -> MNS | AI37: =MAX('KT 합산단가입력'!AB33:AD33) -> 0 | AJ37: =IF('KT 합산단가입력'!AB32=입력용!AI37,"MNS",IF('KT 합산단가입력'!AC32=입력용!AI37,"세이프","이룸")) -> MNS | AK37: =MAX('KT 합산단가입력'!AF32:AH32) -> 40000 | AL37: =IF('KT 합산단가입력'!AF32=입력용!AK37,"MNS",IF('KT 합산단가입력'!AG32=입력용!AK37,"세이프","이룸")) -> 이룸 | AM37: =MAX('KT 합산단가입력'!AI32:AK32) -> 40000 | AN37: =IF('KT 합산단가입력'!AI32=입력용!AM37,"MNS",IF('KT 합산단가입력'!AJ32=입력용!AM37,"세이프","이룸")) -> 이룸 | AO37: =C37 -> 버디4 (5G심플+) | AP37: =MAX('LG 합산단가입력'!Z32:AB32) -> 560000 | AQ37: =IF('LG 합산단가입력'!Z32=입력용!AP37,"마라톤",IF('LG 합산단가입력'!AA32=입력용!AP37,"골드","충청")) -> 충청 | AR37: =MAX('LG 합산단가입력'!AC32:AE32) -> 500000 | AS37: =IF('LG 합산단가입력'!AC32=입력용!AR37,"마라톤",IF('LG 합산단가입력'!AD32=입력용!AR37,"골드","충청")) -> 충청 | AT37: =MAX('LG 합산단가입력'!AG32:AI32) -> 230000 | AU37: =IF('LG 합산단가입력'!AG32=입력용!AT37,"마라톤",IF('LG 합산단가입력'!AH32=입력용!AT37,"골드","충청")) -> 충청 | AV37: =MAX('LG 합산단가입력'!AJ32:AL32) -> 230000 | AW37: =IF('LG 합산단가입력'!AJ32=입력용!AV37,"마라톤",IF('LG 합산단가입력'!AK32=입력용!AV37,"골드","충청")) -> 충청
C38: 와이드7(5G컴팩트) | D38: 374000 | F38: 285000 | H38: =SUM(D38-F38-G38)-SUM(X38-R38) -> 69000 | I38: =SUM(D38-F38)-SUM(AB38-S38) -> 69000 | L38: =SUM(D38-J38-K38)-SUM(AG38-T38) -> 374000 | M38: =SUM(D38-J38)-SUM(AM38-U38) -> 374000 | P38: =SUM(D38-N38-O38)-SUM(AP38-V38) -> 374000 | Q38: =SUM(D38-N38)-SUM(AV38-W38) -> 374000 | R38: 0 | S38: 0 | T38: 0 | U38: 0 | V38: 0 | W38: 0 | X38: =MAX(SK합산단가입력!W33:Y33) -> 20000 | Y38: =IF(SK합산단가입력!W33=입력용!X38,"블루",IF(SK합산단가입력!X33=입력용!X38,"MSC","한음")) -> MSC | Z38: =MAX(SK합산단가입력!Z33:AB33) -> 20000 | AA38: =IF(SK합산단가입력!Z33=입력용!Z38,"블루",IF(SK합산단가입력!AA33=입력용!Z38,"MSC","한음")) -> MSC | AB38: =MAX(SK합산단가입력!AD33:AF33) -> 20000 | AC38: =IF(SK합산단가입력!AD33=입력용!AB38,"블루",IF(SK합산단가입력!AE33=입력용!AB38,"MSC","MSC")) -> MSC | AD38: =MAX(SK합산단가입력!AG33:AI33) -> 20000 | AE38: =IF(SK합산단가입력!AG33=입력용!AD38,"블루",IF(SK합산단가입력!AH33=입력용!AD38,"MSC","한음")) -> MSC | AF38: =C38 -> 와이드7(5G컴팩트) | AG38: =MAX('KT 합산단가입력'!Y34:AA34) -> 0 | AH38: =IF('KT 합산단가입력'!Y33=입력용!AG38,"MNS",IF('KT 합산단가입력'!Z33=입력용!AG38,"세이프","이룸")) -> MNS | AI38: =MAX('KT 합산단가입력'!AB33:AD33) -> 0 | AJ38: =IF('KT 합산단가입력'!AB33=입력용!AI38,"MNS",IF('KT 합산단가입력'!AC33=입력용!AI38,"세이프","이룸")) -> MNS | AK38: =MAX('KT 합산단가입력'!AF33:AH33) -> 0 | AL38: =IF('KT 합산단가입력'!AF33=입력용!AK38,"MNS",IF('KT 합산단가입력'!AG33=입력용!AK38,"세이프","이룸")) -> MNS | AM38: =MAX('KT 합산단가입력'!AI33:AK33) -> 0 | AN38: =IF('KT 합산단가입력'!AI33=입력용!AM38,"MNS",IF('KT 합산단가입력'!AJ33=입력용!AM38,"세이프","이룸")) -> MNS | AO38: =C38 -> 와이드7(5G컴팩트) | AP38: =MAX('LG 합산단가입력'!Z33:AB33) -> 0 | AQ38: =IF('LG 합산단가입력'!Z33=입력용!AP38,"마라톤",IF('LG 합산단가입력'!AA33=입력용!AP38,"골드","충청")) -> 마라톤 | AR38: =MAX('LG 합산단가입력'!AC33:AE33) -> 0 | AS38: =IF('LG 합산단가입력'!AC33=입력용!AR38,"마라톤",IF('LG 합산단가입력'!AD33=입력용!AR38,"골드","충청")) -> 마라톤 | AT38: =MAX('LG 합산단가입력'!AG33:AI33) -> 0 | AU38: =IF('LG 합산단가입력'!AG33=입력용!AT38,"마라톤",IF('LG 합산단가입력'!AH33=입력용!AT38,"골드","충청")) -> 마라톤 | AV38: =MAX('LG 합산단가입력'!AJ33:AL33) -> 0 | AW38: =IF('LG 합산단가입력'!AJ33=입력용!AV38,"마라톤",IF('LG 합산단가입력'!AK33=입력용!AV38,"골드","충청")) -> 마라톤
C39: 와이드8(5G컴팩트) | D39: 374000 | F39: 255000 | H39: =SUM(D39-F39-G39)-SUM(X39-R39) -> -151000 | I39: =SUM(D39-F39)-SUM(AB39-S39) -> 69000 | L39: =SUM(D39-J39-K39)-SUM(AG39-T39) -> 374000 | M39: =SUM(D39-J39)-SUM(AK39-U39) -> 374000 | P39: =SUM(D39-N39-O39)-SUM(AP39-V39) -> 374000 | Q39: =SUM(D39-N39)-SUM(AV39-W39) -> 374000 | R39: 0 | S39: 0 | T39: 0 | U39: 0 | V39: 0 | W39: 0 | X39: =MAX(SK합산단가입력!W34:Y34) -> 270000 | Y39: =IF(SK합산단가입력!W34=입력용!X39,"블루",IF(SK합산단가입력!X34=입력용!X39,"MSC","한음")) -> 블루 | Z39: =MAX(SK합산단가입력!Z34:AB34) -> 570000 | AA39: =IF(SK합산단가입력!Z34=입력용!Z39,"블루",IF(SK합산단가입력!AA34=입력용!Z39,"MSC","한음")) -> 블루 | AB39: =MAX(SK합산단가입력!AD34:AF34) -> 50000 | AC39: =IF(SK합산단가입력!AD34=입력용!AB39,"블루",IF(SK합산단가입력!AE34=입력용!AB39,"MSC","MSC")) -> MSC | AD39: =MAX(SK합산단가입력!AG34:AI34) -> 100000 | AE39: =IF(SK합산단가입력!AG34=입력용!AD39,"블루",IF(SK합산단가입력!AH34=입력용!AD39,"MSC","한음")) -> MSC | AG39: =MAX('KT 합산단가입력'!Y34:AA34) -> 0 | AH39: =IF('KT 합산단가입력'!Y34=입력용!AG39,"MNS",IF('KT 합산단가입력'!Z34=입력용!AG39,"세이프","이룸")) -> MNS | AI39: =MAX('KT 합산단가입력'!AB34:AD34) -> 0 | AJ39: =IF('KT 합산단가입력'!AB34=입력용!AI39,"MNS",IF('KT 합산단가입력'!AC34=입력용!AI39,"세이프","이룸")) -> MNS | AK39: =MAX('KT 합산단가입력'!AF34:AH34) -> 0 | AL39: =IF('KT 합산단가입력'!AF34=입력용!AK39,"MNS",IF('KT 합산단가입력'!AG34=입력용!AK39,"세이프","이룸")) -> MNS | AM39: =MAX('KT 합산단가입력'!AI34:AK34) -> 0 | AN39: =IF('KT 합산단가입력'!AI34=입력용!AM39,"MNS",IF('KT 합산단가입력'!AJ34=입력용!AM39,"세이프","이룸")) -> MNS | AP39: =MAX('LG 합산단가입력'!Z34:AB34) -> 0 | AQ39: =IF('LG 합산단가입력'!Z34=입력용!AP39,"마라톤",IF('LG 합산단가입력'!AA34=입력용!AP39,"골드","충청")) -> 마라톤 | AR39: =MAX('LG 합산단가입력'!AC34:AE34) -> 0 | AS39: =IF('LG 합산단가입력'!AC34=입력용!AR39,"마라톤",IF('LG 합산단가입력'!AD34=입력용!AR39,"골드","충청")) -> 마라톤 | AT39: =MAX('LG 합산단가입력'!AG34:AI34) -> 0 | AU39: =IF('LG 합산단가입력'!AG34=입력용!AT39,"마라톤",IF('LG 합산단가입력'!AH34=입력용!AT39,"골드","충청")) -> 마라톤 | AV39: =MAX('LG 합산단가입력'!AJ34:AL34) -> 0 | AW39: =IF('LG 합산단가입력'!AJ34=입력용!AV39,"마라톤",IF('LG 합산단가입력'!AK34=입력용!AV39,"골드","충청")) -> 마라톤
B40: LTE (4G) | C40: 모델명 | D40: 출시가 | F40: 공시 | H40: 번호이동 | I40: 기기변경 | J40: 공시 | L40: 번호이동 | M40: 기기변경 | N40: 공시 | P40: 번호이동 | Q40: 기기변경 | R40: 번호이동 | S40: 기기변경 | T40: 번호이동 | U40: 기기변경 | V40: 번호이동 | W40: 기기변경 | X40: 총리베 | Y40: 거래처 | Z40: 총리베 | AA40: 거래처 | AB40: 총리베 | AC40: 거래처 | AD40: 총리베 | AE40: 거래처 | AF40: 모델명 | AG40: 총리베 | AH40: 거래처 | AI40: 총리베 | AJ40: 거래처 | AK40: 총리베 | AL40: 거래처 | AM40: 총리베 | AN40: 거래처 | AO40: 모델명 | AP40: 총리베 | AQ40: 거래처 | AR40: 총리베 | AS40: 거래처 | AT40: 총리베 | AU40: 거래처 | AV40: 총리베 | AW40: 거래처
C42: 갤럭시 A16(5G컴팩트) | D42: 319000 | F42: 0 | H42: =SUM(D42-F42)-SUM(X42-100000) -> 229000 | I42: =SUM(D42-F42)-SUM(AB42*0.9-100000) -> 419000 | J42: 0 | L42: =SUM(D42-J42)-SUM(AG43-100000) -> 79000 | M42: =SUM(D42-J42)-SUM(AM43-100000) -> 149000 | N42: 0 | P42: =SUM(D42-N42)-SUM(AP42-100000) -> 419000 | Q42: =SUM(D42-N42)-SUM(AV42-100000) -> 419000 | X42: =MAX(SK합산단가입력!W37:Y37) -> 190000 | Y42: =IF(SK합산단가입력!W37=입력용!X42,"블루",IF(SK합산단가입력!X37=입력용!X42,"MSC","한음")) -> 블루 | Z42: =MAX(SK합산단가입력!Z37:AB37) -> 240000 | AA42: =IF(SK합산단가입력!Z37=입력용!Z42,"블루",IF(SK합산단가입력!AA37=입력용!Z42,"MSC","한음")) -> 블루 | AB42: =MAX(SK합산단가입력!AD37:AF37) -> 0 | AC42: =IF(SK합산단가입력!AD37=입력용!AB42,"블루",IF(SK합산단가입력!AE37=입력용!AB42,"MSC","MSC")) -> MSC | AD42: =MAX(SK합산단가입력!AG37:AI37) -> 50000 | AE42: =IF(SK합산단가입력!AG37=입력용!AD42,"블루",IF(SK합산단가입력!AH37=입력용!AD42,"MSC","한음")) -> 블루 | AF42: 갤럭시 A16 | AO42: 갤럭시 A16 | AP42: =MAX('LG 합산단가입력'!Z37:AB37) -> 0 | AQ42: =IF('LG 합산단가입력'!Z37=입력용!AP42,"마라톤",IF('LG 합산단가입력'!AA37=입력용!AP42,"골드","온라인")) -> 마라톤 | AR42: =MAX('LG 합산단가입력'!AC37:AE37) -> 0 | AS42: =IF('LG 합산단가입력'!AC37=입력용!AR42,"마라톤",IF('LG 합산단가입력'!AD37=입력용!AR42,"골드","온라인")) -> 마라톤 | AT42: =MAX('LG 합산단가입력'!AG37:AI37) -> 0 | AU42: =IF('LG 합산단가입력'!AG37=입력용!AT42,"마라톤",IF('LG 합산단가입력'!AH37=입력용!AT42,"골드","온라인")) -> 마라톤 | AV42: =MAX('LG 합산단가입력'!AJ37:AL37) -> 0 | AW42: =IF('LG 합산단가입력'!AJ37=입력용!AV42,"마라톤",IF('LG 합산단가입력'!AK37=입력용!AV42,"골드","온라인")) -> 마라톤
C43: 갤럭시 A17(5G컴팩트) | D43: 319000 | F43: 0 | H43: =SUM(D43-F43)-SUM(X43-100000) -> -1000 | I43: =SUM(D43-F43)-SUM(AB43*0.9-100000) -> 419000 | J43: 0 | L43: =SUM(D43-J43)-SUM(AG44-100000) -> 389000 | M43: =SUM(D43-J43)-SUM(AM44-100000) -> 369000 | N43: 0 | P43: =SUM(D43-N43)-SUM(AP43-100000) -> 419000 | Q43: =SUM(D43-N43)-SUM(AV43-100000) -> 419000 | X43: =MAX(SK합산단가입력!W38:Y38) -> 420000 | Y43: =IF(SK합산단가입력!W38=입력용!X43,"블루",IF(SK합산단가입력!X38=입력용!X43,"MSC","한음")) -> MSC | Z43: =MAX(SK합산단가입력!Z38:AB38) -> 570000 | AA43: =IF(SK합산단가입력!Z38=입력용!Z43,"블루",IF(SK합산단가입력!AA38=입력용!Z43,"MSC","한음")) -> MSC | AB43: =MAX(SK합산단가입력!AD38:AF38) -> 0 | AC43: =IF(SK합산단가입력!AD38=입력용!AB43,"블루",IF(SK합산단가입력!AE38=입력용!AB43,"MSC","MSC")) -> MSC | AD43: =MAX(SK합산단가입력!AG38:AI38) -> 50000 | AE43: =IF(SK합산단가입력!AG38=입력용!AD43,"블루",IF(SK합산단가입력!AH38=입력용!AD43,"MSC","한음")) -> 블루 | AF43: 갤럭시 A17 | AG43: =MAX('KT 합산단가입력'!Y37:AA37) -> 340000 | AH43: =IF('KT 합산단가입력'!Y37=입력용!AG43,"MNS",IF('KT 합산단가입력'!Z37=입력용!AG43,"세이프","이룸")) -> 이룸 | AI43: =MAX('KT 합산단가입력'!AB37:AD37) -> 370000 | AJ43: =IF('KT 합산단가입력'!AB37=입력용!AI43,"MNS",IF('KT 합산단가입력'!AC37=입력용!AI43,"세이프","이룸")) -> 이룸 | AK43: =MAX('KT 합산단가입력'!AF37:AH37) -> 240000 | AL43: =IF('KT 합산단가입력'!AF37=입력용!AK43,"MNS",IF('KT 합산단가입력'!AG37=입력용!AK43,"세이프","이룸")) -> 이룸 | AM43: =MAX('KT 합산단가입력'!AI37:AK37) -> 270000 | AN43: =IF('KT 합산단가입력'!AI37=입력용!AM43,"MNS",IF('KT 합산단가입력'!AJ37=입력용!AM43,"세이프","이룸")) -> 이룸 | AO43: 갤럭시 A17 | AP43: =MAX('LG 합산단가입력'!Z38:AB38) -> 0 | AQ43: =IF('LG 합산단가입력'!Z38=입력용!AP43,"마라톤",IF('LG 합산단가입력'!AA38=입력용!AP43,"골드","온라인")) -> 마라톤 | AR43: =MAX('LG 합산단가입력'!AC38:AE38) -> 0 | AS43: =IF('LG 합산단가입력'!AC38=입력용!AR43,"마라톤",IF('LG 합산단가입력'!AD38=입력용!AR43,"골드","온라인")) -> 마라톤 | AT43: =MAX('LG 합산단가입력'!AG38:AI38) -> 0 | AU43: =IF('LG 합산단가입력'!AG38=입력용!AT43,"마라톤",IF('LG 합산단가입력'!AH38=입력용!AT43,"골드","온라인")) -> 마라톤 | AV43: =MAX('LG 합산단가입력'!AJ38:AL38) -> 0 | AW43: =IF('LG 합산단가입력'!AJ38=입력용!AV43,"마라톤",IF('LG 합산단가입력'!AK38=입력용!AV43,"골드","온라인")) -> 마라톤
C44: 갤럭시 A24 | D44: 396000 | F44: 0 | H44: =SUM(D44-F44)-SUM(X44-100000) -> 496000 | I44: =SUM(D44-F44)-SUM(AB44*0.9-100000) -> 496000 | J44: 0 | L44: =SUM(D44-J44)-SUM(AG44-100000) -> 466000 | M44: =SUM(D44-J44)-SUM(AM44-100000) -> 446000 | N44: 0 | P44: =SUM(D44-N44)-SUM(AP44-100000) -> 496000 | Q44: =SUM(D44-N44)-SUM(AV44-100000) -> 496000 | X44: =MAX(SK합산단가입력!W39:Y39) -> 0 | Y44: =IF(SK합산단가입력!W39=입력용!X44,"블루",IF(SK합산단가입력!X39=입력용!X44,"MSC","한음")) -> MSC | Z44: =MAX(SK합산단가입력!Z39:AB39) -> 50000 | AA44: =IF(SK합산단가입력!Z39=입력용!Z44,"블루",IF(SK합산단가입력!AA39=입력용!Z44,"MSC","한음")) -> MSC | AB44: =MAX(SK합산단가입력!AD39:AF39) -> 0 | AC44: =IF(SK합산단가입력!AD39=입력용!AB44,"블루",IF(SK합산단가입력!AE39=입력용!AB44,"MSC","MSC")) -> MSC | AD44: =MAX(SK합산단가입력!AG39:AI39) -> 50000 | AE44: =IF(SK합산단가입력!AG39=입력용!AD44,"블루",IF(SK합산단가입력!AH39=입력용!AD44,"MSC","한음")) -> 블루 | AF44: =C44 -> 갤럭시 A24 | AG44: =MAX('KT 합산단가입력'!Y38:AA38) -> 30000 | AH44: =IF('KT 합산단가입력'!Y38=입력용!AG44,"MNS",IF('KT 합산단가입력'!Z38=입력용!AG44,"세이프","이룸")) -> 세이프 | AI44: =MAX('KT 합산단가입력'!AB38:AD38) -> 30000 | AJ44: =IF('KT 합산단가입력'!AB38=입력용!AI44,"MNS",IF('KT 합산단가입력'!AC38=입력용!AI44,"세이프","이룸")) -> 세이프 | AK44: =MAX('KT 합산단가입력'!AF38:AH38) -> 50000 | AL44: =IF('KT 합산단가입력'!AF38=입력용!AK44,"MNS",IF('KT 합산단가입력'!AG38=입력용!AK44,"세이프","이룸")) -> 세이프 | AM44: =MAX('KT 합산단가입력'!AI38:AK38) -> 50000 | AN44: =IF('KT 합산단가입력'!AI38=입력용!AM44,"MNS",IF('KT 합산단가입력'!AJ38=입력용!AM44,"세이프","이룸")) -> 세이프 | AO44: =C44 -> 갤럭시 A24 | AP44: =MAX('LG 합산단가입력'!Z38:AB38) -> 0 | AQ44: =IF('LG 합산단가입력'!Z38=입력용!AP44,"마라톤",IF('LG 합산단가입력'!AA38=입력용!AP44,"골드","온라인")) -> 마라톤 | AR44: =MAX('LG 합산단가입력'!AC38:AE38) -> 0 | AS44: =IF('LG 합산단가입력'!AC38=입력용!AR44,"마라톤",IF('LG 합산단가입력'!AD38=입력용!AR44,"골드","온라인")) -> 마라톤 | AT44: =MAX('LG 합산단가입력'!AG38:AI38) -> 0 | AU44: =IF('LG 합산단가입력'!AG38=입력용!AT44,"마라톤",IF('LG 합산단가입력'!AH38=입력용!AT44,"골드","온라인")) -> 마라톤 | AV44: =MAX('LG 합산단가입력'!AJ38:AL38) -> 0 | AW44: =IF('LG 합산단가입력'!AJ38=입력용!AV44,"마라톤",IF('LG 합산단가입력'!AK38=입력용!AV44,"골드","온라인")) -> 마라톤
C45: M140(5G컴팩트) | D45: 237600 | F45: 0 | H45: =SUM(D45-F45)-SUM(X45-100000) -> -82400 | I45: =SUM(D45-F45)-SUM(AB45*0.9-100000) -> 337600 | J45: 0 | L45: =SUM(D45-J45)-SUM(AG45-100000) -> 257600 | M45: =SUM(D45-J45)-SUM(AM45-100000) -> 337600 | N45: 0 | P45: =SUM(D45-N45)-SUM(AP45-100000) -> 337600 | Q45: =SUM(D45-N45)-SUM(AV45-100000) -> 337600 | X45: =MAX(SK합산단가입력!W40:Y40) -> 420000 | Y45: =IF(SK합산단가입력!W40=입력용!X45,"블루",IF(SK합산단가입력!X40=입력용!X45,"MSC","한음")) -> MSC | Z45: =MAX(SK합산단가입력!Z40:AB40) -> 570000 | AA45: =IF(SK합산단가입력!Z40=입력용!Z45,"블루",IF(SK합산단가입력!AA40=입력용!Z45,"MSC","한음")) -> MSC | AB45: =MAX(SK합산단가입력!AD40:AF40) -> 0 | AC45: =IF(SK합산단가입력!AD40=입력용!AB45,"블루",IF(SK합산단가입력!AE40=입력용!AB45,"MSC","MSC")) -> MSC | AD45: =MAX(SK합산단가입력!AG40:AI40) -> 50000 | AE45: =IF(SK합산단가입력!AG40=입력용!AD45,"블루",IF(SK합산단가입력!AH40=입력용!AD45,"MSC","한음")) -> 블루 | AF45: M140 | AG45: =MAX('KT 합산단가입력'!Y40:AA40) -> 80000 | AH45: =IF('KT 합산단가입력'!Y40=입력용!AG45,"MNS",IF('KT 합산단가입력'!Z40=입력용!AG45,"세이프","이룸")) -> 세이프 | AI45: =MAX('KT 합산단가입력'!AB40:AD40) -> 80000 | AJ45: =IF('KT 합산단가입력'!AB40=입력용!AI45,"MNS",IF('KT 합산단가입력'!AC40=입력용!AI45,"세이프","이룸")) -> 세이프 | AK45: =MAX('KT 합산단가입력'!AF40:AH40) -> 0 | AL45: =IF('KT 합산단가입력'!AF40=입력용!AK45,"MNS",IF('KT 합산단가입력'!AG40=입력용!AK45,"세이프","이룸")) -> MNS | AM45: =MAX('KT 합산단가입력'!AI40:AK40) -> 0 | AN45: =IF('KT 합산단가입력'!AI40=입력용!AM45,"MNS",IF('KT 합산단가입력'!AJ40=입력용!AM45,"세이프","이룸")) -> MNS | AO45: M140 | AP45: =MAX('LG 합산단가입력'!Z39:AB39) -> 0 | AQ45: =IF('LG 합산단가입력'!Z39=입력용!AP45,"마라톤",IF('LG 합산단가입력'!AA39=입력용!AP45,"골드","온라인")) -> 마라톤 | AR45: =MAX('LG 합산단가입력'!AC39:AE39) -> 0 | AS45: =IF('LG 합산단가입력'!AC39=입력용!AR45,"마라톤",IF('LG 합산단가입력'!AD39=입력용!AR45,"골드","온라인")) -> 마라톤 | AT45: =MAX('LG 합산단가입력'!AG39:AI39) -> 0 | AU45: =IF('LG 합산단가입력'!AG39=입력용!AT45,"마라톤",IF('LG 합산단가입력'!AH39=입력용!AT45,"골드","온라인")) -> 마라톤 | AV45: =MAX('LG 합산단가입력'!AJ39:AL39) -> 0 | AW45: =IF('LG 합산단가입력'!AJ39=입력용!AV45,"마라톤",IF('LG 합산단가입력'!AK39=입력용!AV45,"골드","온라인")) -> 마라톤
C46: M150 | D46: 326700 | F46: 0 | H46: =SUM(D46-F46)-SUM(X46-100000) -> 86700 | I46: =SUM(D46-F46)-SUM(AB46*0.9-100000) -> 426700 | J46: 0 | L46: =SUM(D46-J46)-SUM(AG46-100000) -> 396700 | M46: =SUM(D46-J46)-SUM(AM46-100000) -> 426700 | N46: 0 | P46: =SUM(D46-N46)-SUM(AP46-100000) -> 426700 | Q46: =SUM(D46-N46)-SUM(AV46-100000) -> 426700 | X46: =MAX(SK합산단가입력!W41:Y41) -> 340000 | Y46: =IF(SK합산단가입력!W41=입력용!X46,"블루",IF(SK합산단가입력!X41=입력용!X46,"MSC","한음")) -> 블루 | Z46: =MAX(SK합산단가입력!Z41:AB41) -> 440000 | AA46: =IF(SK합산단가입력!Z41=입력용!Z46,"블루",IF(SK합산단가입력!AA41=입력용!Z46,"MSC","한음")) -> 블루 | AB46: =MAX(SK합산단가입력!AD41:AF41) -> 0 | AC46: =IF(SK합산단가입력!AD41=입력용!AB46,"블루",IF(SK합산단가입력!AE41=입력용!AB46,"MSC","MSC")) -> MSC | AD46: =MAX(SK합산단가입력!AG41:AI41) -> 0 | AE46: =IF(SK합산단가입력!AG41=입력용!AD46,"블루",IF(SK합산단가입력!AH41=입력용!AD46,"MSC","한음")) -> 블루 | AF46: =C46 -> M150 | AG46: =MAX('KT 합산단가입력'!Y41:AA41) -> 30000 | AH46: =IF('KT 합산단가입력'!Y41=입력용!AG46,"MNS",IF('KT 합산단가입력'!Z41=입력용!AG46,"세이프","이룸")) -> 세이프 | AI46: =MAX('KT 합산단가입력'!AB41:AD41) -> 30000 | AJ46: =IF('KT 합산단가입력'!AB41=입력용!AI46,"MNS",IF('KT 합산단가입력'!AC41=입력용!AI46,"세이프","이룸")) -> 세이프 | AK46: =MAX('KT 합산단가입력'!AF41:AH41) -> 0 | AL46: =IF('KT 합산단가입력'!AF41=입력용!AK46,"MNS",IF('KT 합산단가입력'!AG41=입력용!AK46,"세이프","이룸")) -> MNS | AM46: =MAX('KT 합산단가입력'!AI41:AK41) -> 0 | AN46: =IF('KT 합산단가입력'!AI41=입력용!AM46,"MNS",IF('KT 합산단가입력'!AJ41=입력용!AM46,"세이프","이룸")) -> MNS | AO46: =C46 -> M150 | AP46: =MAX('LG 합산단가입력'!Z40:AB40) -> 0 | AQ46: =IF('LG 합산단가입력'!Z40=입력용!AP46,"마라톤",IF('LG 합산단가입력'!AA40=입력용!AP46,"골드","온라인")) -> 마라톤 | AR46: =MAX('LG 합산단가입력'!AC40:AE40) -> 0 | AS46: =IF('LG 합산단가입력'!AC40=입력용!AR46,"마라톤",IF('LG 합산단가입력'!AD40=입력용!AR46,"골드","온라인")) -> 마라톤 | AT46: =MAX('LG 합산단가입력'!AG40:AI40) -> 0 | AU46: =IF('LG 합산단가입력'!AG40=입력용!AT46,"마라톤",IF('LG 합산단가입력'!AH40=입력용!AT46,"골드","온라인")) -> 마라톤 | AV46: =MAX('LG 합산단가입력'!AJ40:AL40) -> 0 | AW46: =IF('LG 합산단가입력'!AJ40=입력용!AV46,"마라톤",IF('LG 합산단가입력'!AK40=입력용!AV46,"골드","온라인")) -> 마라톤
BA59: 1

Sheet SK합산단가입력
B2: 5G | C2: S K | D2: 블루 MNP 합산단가 | M2: 블루 기변 합산단가 | V2: S K | W2: MNP | AD2: 기변
W4: 공시 | Z4: 선약 | AD4: 공시 | AG4: 선약
C6: 모델명 | D6: 끝단가 | F6: 선약 | G6: 공통 | J6: 공시 합산 | K6: 선약 합산 | M6: 끝단가 | O6: 선약 | P6: 공통 | S6: 공시 합산 | T6: 선약 합산 | V6: 모델명 | W6: 블루 | X6: MSC | Y6: 한음 | Z6: 블루 | AA6: MSC | AB6: 한음 | AD6: 블루 | AE6: MSC | AF6: 한음 | AG6: 블루 | AH6: MSC | AI6: 한음
D7: 공시 | E7: 선약 | F7: 유통지원20이상 | I7: 부가 | M7: 공시 | N7: 선약 | O7: 유통지원20이상 | R7: 부가
C8: =입력용!C13 -> 갤럭시 Z폴드7 | D8: 63 | E8: 53 | F8: 5 | J8: =(D8+G8+H8+I8)*10000 -> 630000 | K8: =(E8+F8+G8+H8+I8)*10000 -> 580000 | M8: 56 | N8: 41 | O8: 5 | S8: =(M8+P8+Q8+R8)*10000 -> 560000 | T8: =(N8+O8+P8+Q8+R8)*10000 -> 460000 | V8: =C8 -> 갤럭시 Z폴드7 | W8: =J8-30000 -> 600000 | X8: =J49 -> 590000 | Y8: =J90 -> 0 | Z8: =K8-30000 -> 550000 | AA8: =K49 -> 540000 | AB8: =K90 -> 0 | AD8: =S8-30000 -> 530000 | AE8: =S49 -> 540000 | AF8: =S90 -> 0 | AG8: =T8-30000 -> 430000 | AH8: =T49 -> 440000 | AI8: =T90 -> 0
C9: =입력용!C14 -> 갤럭시 Z플립7_256G | D9: 65 | E9: 55 | F9: 5 | J9: =(D9+G9+H9+I9)*10000 -> 650000 | K9: =(E9+F9+G9+H9+I9)*10000 -> 600000 | M9: 48 | N9: 33 | O9: 5 | S9: =(M9+P9+Q9+R9)*10000 -> 480000 | T9: =(N9+O9+P9+Q9+R9)*10000 -> 380000 | V9: =C9 -> 갤럭시 Z플립7_256G | W9: =J9-30000 -> 620000 | X9: =J50 -> 590000 | Y9: =J91 -> 0 | Z9: =K9-30000 -> 570000 | AA9: =K50 -> 540000 | AB9: =K91 -> 0 | AD9: =S9-30000 -> 450000 | AE9: =S50 -> 440000 | AF9: =S91 -> 0 | AG9: =T9-30000 -> 350000 | AH9: =T50 -> 340000 | AI9: =T91 -> 0
C10: =입력용!C15 -> 갤럭시 Z플립7_512G | D10: 65 | E10: 55 | F10: 5 | J10: =(D10+G10+H10+I10)*10000 -> 650000 | K10: =(E10+F10+G10+H10+I10)*10000 -> 600000 | M10: 58 | N10: 43 | O10: 5 | S10: =(M10+P10+Q10+R10)*10000 -> 580000 | T10: =(N10+O10+P10+Q10+R10)*10000 -> 480000 | V10: =C10 -> 갤럭시 Z플립7_512G | W10: =J10-30000 -> 620000 | X10: =J51 -> 590000 | Y10: =J92 -> 0 | Z10: =K10-30000 -> 570000 | AA10: =K51 -> 540000 | AB10: =K92 -> 0 | AD10: =S10-30000 -> 550000 | AE10: =S51 -> 540000 | AF10: =S92 -> 0 | AG10: =T10-30000 -> 450000 | AH10: =T51 -> 440000 | AI10: =T92 -> 0
C11: 갤럭시 S26_256G | D11: 32 | E11: 49 | F11: 5 | J11: =(D11+G11+H11+I11)*10000 -> 320000 | K11: =(E11+F11+G11+H11+I11)*10000 -> 540000 | M11: 26 | N11: 38 | O11: 5 | S11: =(M11+P11+Q11+R11)*10000 -> 260000 | T11: =(N11+O11+P11+Q11+R11)*10000 -> 430000 | V11: 갤럭시 S26_256G | W11: =J11-30000 -> 290000 | X11: =J52 -> 220000 | Y11: =J93 -> 0 | Z11: =K11-30000 -> 510000 | AA11: =K52 -> 370000 | AD11: =S11-30000 -> 230000 | AE11: =S52 -> 170000 | AF11: =S93 -> 0 | AG11: =T11-30000 -> 400000 | AH11: =T52 -> 220000
C12: 갤럭시 S26+_256G | D12: 32 | E12: 49 | F12: 5 | J12: =(D12+G12+H12+I12)*10000 -> 320000 | K12: =(E12+F12+G12+H12+I12)*10000 -> 540000 | M12: 26 | N12: 38 | O12: 5 | S12: =(M12+P12+Q12+R12)*10000 -> 260000 | T12: =(N12+O12+P12+Q12+R12)*10000 -> 430000 | V12: 갤럭시 S26+_256G | W12: =J12-30000 -> 290000 | X12: =J53 -> 220000 | Y12: =J94 -> 0 | Z12: =K12-30000 -> 510000 | AA12: =K53 -> 370000 | AD12: =S12-30000 -> 230000 | AE12: =S53 -> 170000 | AF12: =S94 -> 0 | AG12: =T12-30000 -> 400000 | AH12: =T53 -> 220000
C13: 갤럭시 S26 울트라_256G | D13: 32 | E13: 49 | F13: 5 | J13: =(D13+G13+H13+I13)*10000 -> 320000 | K13: =(E13+F13+G13+H13+I13)*10000 -> 540000 | M13: 26 | N13: 41 | O13: 5 | S13: =(M13+P13+Q13+R13)*10000 -> 260000 | T13: =(N13+O13+P13+Q13+R13)*10000 -> 460000 | V13: 갤럭시 S26 울트라_256G | W13: =J13-30000 -> 290000 | X13: =J54 -> 220000 | Y13: =J95 -> 0 | Z13: =K13-30000 -> 510000 | AA13: =K54 -> 370000 | AD13: =S13-30000 -> 230000 | AE13: =S54 -> 170000 | AF13: =S95 -> 0 | AG13: =T13-30000 -> 430000 | AH13: =T54 -> 250000
C14: 갤럭시 S25 | D14: 25 | E14: 25 | F14: 5 | J14: =(D14+G14+H14+I14)*10000 -> 250000 | K14: =(E14+F14+G14+H14+I14)*10000 -> 300000 | M14: 19 | N14: 19 | O14: 5 | S14: =(M14+P14+Q14+R14)*10000 -> 190000 | T14: =(N14+O14+P14+Q14+R14)*10000 -> 240000 | V14: =C14 -> 갤럭시 S25 | W14: =J14-30000 -> 220000 | X14: =J55 -> 360000 | Y14: =J93 -> 0 | Z14: =K14-30000 -> 270000 | AA14: =K55 -> 410000 | AB14: =K93 -> 0 | AD14: =S14-30000 -> 160000 | AE14: =S55 -> 310000 | AF14: =S93 -> 0 | AG14: =T14-30000 -> 210000 | AH14: =T55 -> 360000 | AI14: =T93 -> 0
C15: 갤럭시 S25+ | D15: 25 | E15: 25 | F15: 5 | J15: =(D15+G15+H15+I15)*10000 -> 250000 | K15: =(E15+F15+G15+H15+I15)*10000 -> 300000 | M15: 19 | N15: 19 | O15: 5 | S15: =(M15+P15+Q15+R15)*10000 -> 190000 | T15: =(N15+O15+P15+Q15+R15)*10000 -> 240000 | V15: =C15 -> 갤럭시 S25+ | W15: =J15-30000 -> 220000 | X15: =J56 -> 0 | Y15: =J94 -> 0 | Z15: =K15-30000 -> 270000 | AA15: =K56 -> 50000 | AB15: =K94 -> 0 | AD15: =S15-30000 -> 160000 | AE15: =S56 -> 0 | AF15: =S94 -> 0 | AG15: =T15-30000 -> 210000 | AH15: =T56 -> 0 | AI15: =T94 -> 0
C16: 갤럭시 S25 울트라 | D16: 25 | E16: 25 | F16: 5 | J16: =(D16+G16+H16+I16)*10000 -> 250000 | K16: =(E16+F16+G16+H16+I16)*10000 -> 300000 | M16: 19 | N16: 19 | O16: 5 | S16: =(M16+P16+Q16+R16)*10000 -> 190000 | T16: =(N16+O16+P16+Q16+R16)*10000 -> 240000 | V16: =C16 -> 갤럭시 S25 울트라 | W16: =J16-30000 -> 220000 | X16: =J57 -> 360000 | Y16: =J95 -> 0 | Z16: =K16-30000 -> 270000 | AA16: =K57 -> 410000 | AB16: =K95 -> 0 | AD16: =S16-30000 -> 160000 | AE16: =S57 -> 310000 | AF16: =S95 -> 0 | AG16: =T16-30000 -> 210000 | AH16: =T57 -> 360000 | AI16: =T95 -> 0
C17: 갤럭시 S25 엣지 | D17: 28 | E17: 28 | F17: 5 | J17: =(D17+G17+H17+I17)*10000 -> 280000 | K17: =(E17+F17+G17+H17+I17)*10000 -> 330000 | M17: 22 | N17: 22 | O17: 5 | S17: =(M17+P17+Q17+R17)*10000 -> 220000 | T17: =(N17+O17+P17+Q17+R17)*10000 -> 270000 | V17: =C17 -> 갤럭시 S25 엣지 | W17: =J17-30000 -> 250000 | X17: =J58 -> 470000 | Y17: =J96 -> 0 | Z17: =K17-30000 -> 300000 | AA17: =K58 -> 270000 | AB17: =K96 -> 0 | AD17: =S17-30000 -> 190000 | AE17: =S58 -> 420000 | AF17: =S96 -> 0 | AG17: =T17-30000 -> 240000 | AH17: =T58 -> 220000 | AI17: =T96 -> 0
C18: 아이폰17 256G | D18: 60 | E18: 50 | F18: 5 | J18: =(D18+G18+H18+I18)*10000 -> 600000 | K18: =(E18+F18+G18+H18+I18)*10000 -> 550000 | M18: 33 | N18: 23 | O18: 5 | S18: =(M18+P18+Q18+R18)*10000 -> 330000 | T18: =(N18+O18+P18+Q18+R18)*10000 -> 280000 | V18: =C18 -> 아이폰17 256G | W18: =J18-30000 -> 570000 | X18: =J59 -> 520000 | Y18: =J97 -> 0 | Z18: =K18-30000 -> 520000 | AA18: =K59 -> 470000 | AB18: =K97 -> 0 | AD18: =S18-30000 -> 300000 | AE18: =S59 -> 270000 | AF18: =S97 -> 0 | AG18: =T18-30000 -> 250000 | AH18: =T59 -> 220000 | AI18: =T97 -> 0
C19: 아이폰17 에어 256G | D19: 63 | E19: 53 | F19: 5 | J19: =(D19+G19+H19+I19)*10000 -> 630000 | K19: =(E19+F19+G19+H19+I19)*10000 -> 580000 | M19: 33 | N19: 23 | O19: 5 | S19: =(M19+P19+Q19+R19)*10000 -> 330000 | T19: =(N19+O19+P19+Q19+R19)*10000 -> 280000 | V19: =C19 -> 아이폰17 에어 256G | W19: =J19-30000 -> 600000 | X19: =J60 -> 520000 | Y19: =J98 -> 0 | Z19: =K19-30000 -> 550000 | AA19: =K60 -> 470000 | AB19: =K98 -> 0 | AD19: =S19-30000 -> 300000 | AE19: =S60 -> 270000 | AF19: =S98 -> 0 | AG19: =T19-30000 -> 250000 | AH19: =T60 -> 220000 | AI19: =T98 -> 0
C20: 아이폰17 프로 256G | D20: 53 | E20: 43 | F20: 5 | J20: =(D20+G20+H20+I20)*10000 -> 530000 | K20: =(E20+F20+G20+H20+I20)*10000 -> 480000 | M20: 33 | N20: 23 | O20: 5 | S20: =(M20+P20+Q20+R20)*10000 -> 330000 | T20: =(N20+O20+P20+Q20+R20)*10000 -> 280000 | V20: =C20 -> 아이폰17 프로 256G | W20: =J20-30000 -> 500000 | X20: =J61 -> 520000 | Y20: =J99 -> 0 | Z20: =K20-30000 -> 450000 | AA20: =K61 -> 470000 | AB20: =K99 -> 0 | AD20: =S20-30000 -> 300000 | AE20: =S61 -> 270000 | AF20: =S99 -> 0 | AG20: =T20-30000 -> 250000 | AH20: =T61 -> 220000 | AI20: =T99 -> 0
C21: 아이폰17 프로맥스 256G | D21: 28 | E21: 48 | F21: 5 | J21: =(D21+G21+H21+I21)*10000 -> 280000 | K21: =(E21+F21+G21+H21+I21)*10000 -> 530000 | M21: 33 | N21: 23 | O21: 5 | S21: =(M21+P21+Q21+R21)*10000 -> 330000 | T21: =(N21+O21+P21+Q21+R21)*10000 -> 280000 | V21: =C21 -> 아이폰17 프로맥스 256G | W21: =J21-30000 -> 250000 | X21: =J62 -> 270000 | Y21: =J100 -> 0 | Z21: =K21-30000 -> 500000 | AA21: =K62 -> 520000 | AB21: =K100 -> 0 | AD21: =S21-30000 -> 300000 | AE21: =S62 -> 270000 | AF21: =S100 -> 0 | AG21: =T21-30000 -> 250000 | AH21: =T62 -> 220000
C22: 아이폰16 128G | F22: 5 | J22: =(D22+G22+H22+I22)*10000 -> 0 | K22: =(E22+F22+G22+H22+I22)*10000 -> 50000 | S22: =(M22+P22+Q22+R22)*10000 -> 0 | T22: =(N22+O22+P22+Q22+R22)*10000 -> 0 | V22: =C22 -> 아이폰16 128G | W22: =J22-30000 -> -30000 | X22: =J63 -> 0 | Y22: =J100 -> 0 | Z22: =K22-30000 -> 20000 | AA22: =K63 -> 0 | AB22: =K100 -> 0 | AD22: =S22-30000 -> -30000 | AE22: =S63 -> 0 | AF22: =S100 -> 0 | AG22: =T22-30000 -> -30000 | AH22: =T63 -> 0 | AI22: =T100 -> 0
C23: 아이폰16+ 128G | F23: 5 | J23: =(D23+G23+H23+I23)*10000 -> 0 | K23: =(E23+F23+G23+H23+I23)*10000 -> 50000 | S23: =(M23+P23+Q23+R23)*10000 -> 0 | T23: =(N23+O23+P23+Q23+R23)*10000 -> 0 | V23: =C23 -> 아이폰16+ 128G | W23: =J23-30000 -> -30000 | X23: =J64 -> 0 | Y23: =J101 -> 0 | Z23: =K23-30000 -> 20000 | AA23: =K64 -> 0 | AB23: =K101 -> 0 | AD23: =S23-30000 -> -30000 | AE23: =S64 -> 0 | AF23: =S101 -> 0 | AG23: =T23-30000 -> -30000 | AH23: =T64 -> 0 | AI23: =T101 -> 0
C24: 아이폰16 프로 128G | F24: 5 | J24: =(D24+G24+H24+I24)*10000 -> 0 | K24: =(E24+F24+G24+H24+I24)*10000 -> 50000 | S24: =(M24+P24+Q24+R24)*10000 -> 0 | T24: =(N24+O24+P24+Q24+R24)*10000 -> 0 | V24: =C24 -> 아이폰16 프로 128G | W24: =J24-30000 -> -30000 | X24: =J65 -> 0 | Y24: =J102 -> 0 | Z24: =K24-30000 -> 20000 | AA24: =K65 -> 0 | AB24: =K102 -> 0 | AD24: =S24-30000 -> -30000 | AE24: =S65 -> 0 | AF24: =S102 -> 0 | AG24: =T24-30000 -> -30000 | AH24: =T65 -> 0 | AI24: =T102 -> 0
C25: 아이폰16 프로맥스 256G | F25: 5 | J25: =(D25+G25+H25+I25)*10000 -> 0 | K25: =(E25+F25+G25+H25+I25)*10000 -> 50000 | S25: =(M25+P25+Q25+R25)*10000 -> 0 | T25: =(N25+O25+P25+Q25+R25)*10000 -> 0 | V25: =C25 -> 아이폰16 프로맥스 256G | W25: =J25-30000 -> -30000 | X25: =J66 -> 0 | Y25: =J103 -> 0 | Z25: =K25-30000 -> 20000 | AA25: =K66 -> 0 | AB25: =K103 -> 0 | AD25: =S25-30000 -> -30000 | AE25: =S66 -> 0 | AF25: =S103 -> 0 | AG25: =T25-30000 -> -30000 | AH25: =T66 -> 0 | AI25: =T103 -> 0
C26: 갤럭시 S25FE | D26: 69 | E26: 54 | F26: 5 | J26: =(D26+G26+H26+I26)*10000 -> 690000 | K26: =(E26+F26+G26+H26+I26)*10000 -> 590000 | M26: 48 | N26: 28 | O26: 5 | S26: =(M26+P26+Q26+R26)*10000 -> 480000 | T26: =(N26+O26+P26+Q26+R26)*10000 -> 330000 | V26: =C26 -> 갤럭시 S25FE | W26: =J26-30000 -> 660000 | X26: =J67 -> 570000 | Y26: =J104 -> 0 | Z26: =K26-30000 -> 560000 | AA26: =K67 -> 420000 | AB26: =K104 -> 0 | AD26: =S26-30000 -> 450000 | AE26: =S67 -> 320000 | AF26: =S104 -> 0 | AG26: =T26-30000 -> 300000 | AH26: =T67 -> 170000 | AI26: =T104 -> 0
C27: 퀀텀6 A566 | D27: 34 | E27: 49 | F27: 5 | J27: =(D27+G27+H27+I27)*10000 -> 340000 | K27: =(E27+F27+G27+H27+I27)*10000 -> 540000 | M27: 11 | N27: 28 | O27: 5 | S27: =(M27+P27+Q27+R27)*10000 -> 110000 | T27: =(N27+O27+P27+Q27+R27)*10000 -> 330000 | V27: =C27 -> 퀀텀6 A566 | W27: =J27-30000 -> 310000 | X27: =J68 -> 400000 | Y27: =J105 -> 0 | Z27: =K27-30000 -> 510000 | AA27: =K68 -> 600000 | AB27: =K105 -> 0 | AD27: =S27-30000 -> 80000 | AE27: =S68 -> 150000 | AF27: =S105 -> 0 | AG27: =T27-30000 -> 300000 | AH27: =T68 -> 400000 | AI27: =T105 -> 0
C28: 갤럭시 A36(5G컴팩트) | D28: 9 | E28: 9 | J28: =(D28+G28+H28+I28)*10000 -> 90000 | K28: =(E28+F28+G28+H28+I28)*10000 -> 90000 | S28: =(M28+P28+Q28+R28)*10000 -> 0 | T28: =(N28+O28+P28+Q28+R28)*10000 -> 0 | V28: =C28 -> 갤럭시 A36(5G컴팩트) | W28: =J28-30000 -> 60000 | X28: =J69 -> 50000 | Y28: =J106 -> 0 | Z28: =K28-30000 -> 60000 | AA28: =K69 -> 50000 | AB28: =K106 -> 0 | AD28: =S28-30000 -> -30000 | AE28: =S69 -> 50000 | AF28: =S106 -> 0 | AG28: =T28-30000 -> -30000 | AH28: =T69 -> 50000 | AI28: =T106 -> 0
J29: =(D29+G29+H29+I29)*10000 -> 0 | K29: =(E29+F29+G29+H29+I29)*10000 -> 0 | S29: =(M29+P29+Q29+R29)*10000 -> 0 | T29: =(N29+O29+P29+Q29+R29)*10000 -> 0 | V29: =C29 -> 0 | W29: =J29-30000 -> -30000 | X29: =J70 -> 0 | Y29: =J107 -> 0 | Z29: =K29-30000 -> -30000 | AA29: =K70 -> 0 | AB29: =K107 -> 0 | AD29: =S29-30000 -> -30000 | AE29: =S70 -> 0 | AF29: =S107 -> 0 | AG29: =T29-30000 -> -30000 | AH29: =T70 -> 0 | AI29: =T107 -> 0
C30: 점프3 | J30: =(D30+G30+H30+I30)*10000 -> 0 | K30: =(E30+F30+G30+H30+I30)*10000 -> 0 | S30: =(M30+P30+Q30+R30)*10000 -> 0 | T30: =(N30+O30+P30+Q30+R30)*10000 -> 0 | V30: =C30 -> 점프3 | W30: =J30-30000 -> -30000 | X30: =J71 -> 0 | Y30: =J108 -> 0 | Z30: =K30-30000 -> -30000 | AA30: =K71 -> 0 | AB30: =K108 -> 0 | AD30: =S30-30000 -> -30000 | AE30: =S71 -> 0 | AF30: =S108 -> 0 | AG30: =T30-30000 -> -30000 | AH30: =T71 -> 0 | AI30: =T108 -> 0
C31: 갤럭시 A25 5G | J31: =(D31+G31+H31+I31)*10000 -> 0 | K31: =(E31+F31+G31+H31+I31)*10000 -> 0 | S31: =(M31+P31+Q31+R31)*10000 -> 0 | T31: =(N31+O31+P31+Q31+R31)*10000 -> 0 | V31: =C31 -> 갤럭시 A25 5G | W31: =J31-30000 -> -30000 | X31: =J72 -> 0 | Y31: =J109 -> 0 | Z31: =K31-30000 -> -30000 | AA31: =K72 -> 0 | AB31: =K109 -> 0 | AD31: =S31-30000 -> -30000 | AE31: =S72 -> 0 | AF31: =S109 -> 0 | AG31: =T31-30000 -> -30000 | AH31: =T72 -> 0 | AI31: =T109 -> 0
C32: 버디3 | J32: =(D32+G32+H32+I32)*10000 -> 0 | K32: =(E32+F32+G32+H32+I32)*10000 -> 0 | S32: =(M32+P32+Q32+R32)*10000 -> 0 | T32: =(N32+O32+P32+Q32+R32)*10000 -> 0 | V32: =C32 -> 버디3 | W32: =J32-30000 -> -30000 | X32: =J73 -> 0 | Y32: =J110 -> 0 | Z32: =K32-30000 -> -30000 | AA32: =K73 -> 0 | AB32: =K110 -> 0 | AD32: =S32-30000 -> -30000 | AE32: =S73 -> 0 | AF32: =S110 -> 0 | AG32: =T32-30000 -> -30000 | AH32: =T73 -> 0 | AI32: =T110 -> 0
C33: 와이드7(5G컴팩트) | J33: =(D33+G33+H33+I33)*10000 -> 0 | K33: =(E33+F33+G33+H33+I33)*10000 -> 0 | S33: =(M33+P33+Q33+R33)*10000 -> 0 | T33: =(N33+O33+P33+Q33+R33)*10000 -> 0 | V33: =C33 -> 와이드7(5G컴팩트) | W33: =J33-30000 -> -30000 | X33: =J74 -> 20000 | Y33: =J111 -> 0 | Z33: =K33-30000 -> -30000 | AA33: =K74 -> 20000 | AB33: =K111 -> 0 | AD33: =S33-30000 -> -30000 | AE33: =S74 -> 20000 | AF33: =S111 -> 0 | AG33: =T33-30000 -> -30000 | AH33: =T74 -> 20000 | AI33: =T111 -> 0
C34: 와이드8(5G컴팩트) | D34: 30 | E34: 45 | F34: 15 | J34: =(D34+G34+H34+I34)*10000 -> 300000 | K34: =(E34+F34+G34+H34+I34)*10000 -> 600000 | S34: =(M34+P34+Q34+R34)*10000 -> 0 | T34: =(N34+O34+P34+Q34+R34)*10000 -> 0 | V34: =C34 -> 와이드8(5G컴팩트) | W34: =J34-30000 -> 270000 | X34: =J75 -> 270000 | Y34: =J112 -> 0 | Z34: =K34-30000 -> 570000 | AA34: =K75 -> 570000 | AB34: =K112 -> 0 | AD34: =S34-30000 -> -30000 | AE34: =S75 -> 50000 | AF34: =S112 -> 0 | AG34: =T34-30000 -> -30000 | AH34: =T75 -> 100000 | AI34: =T112 -> 0
B35: LTE | C35: 모델명 | D35: 끝단가 | F35: 선약 | G35: 공통 | J35: 공시 합산 | K35: 선약 합산 | M35: 끝단가 | O35: 선약 | S35: 공시 합산 | T35: 선약 합산 | V35: 모델명 | W35: 블루 | X35: MSC | Y35: 한음 | Z35: 블루 | AA35: MSC | AB35: 한음 | AD35: 블루 | AE35: MSC | AF35: MSC | AG35: 블루 | AH35: MSC | AI35: 한음
D36: 공시 | E36: 선약 | F36: 유통지원20이상 | I36: 부가 | M36: 공시 | N36: 선약 | O36: 유통지원20이상 | R36: 부가
C37: 갤럭시 A16(5G컴팩트) | D37: 22 | E37: 27 | J37: =(D37+H37+I37)*10000 -> 220000 | K37: =(E37+F37+H37+I37)*10000 -> 270000 | O37: 5 | S37: =(M37+Q37+R37)*10000 -> 0 | T37: =(N37+O37+Q37+R37)*10000 -> 50000 | V37: =C37 -> 갤럭시 A16(5G컴팩트) | W37: =J37-30000 -> 190000 | X37: =J78 -> 0 | Y37: =J115 -> 0 | Z37: =K37-30000 -> 240000 | AA37: =K78 -> 0 | AB37: =K115 -> 0 | AD37: =S37-30000 -> -30000 | AE37: =S78 -> 0 | AF37: =S115 -> 0 | AG37: =T37 -> 50000 | AH37: =T78 -> 0 | AI37: =T115 -> 0
C38: 갤럭시 A17(세이브,컴팩트) | D38: 40 | E38: 50 | F38: 5 | J38: =(D38+H38+I38)*10000 -> 400000 | K38: =(E38+F38+H38+I38)*10000 -> 550000 | O38: 5 | S38: =(M38+Q38+R38)*10000 -> 0 | T38: =(N38+O38+Q38+R38)*10000 -> 50000 | V38: 갤럭시 A17 | W38: =J38-30000 -> 370000 | X38: =J79 -> 420000 | Z38: =K38-30000 -> 520000 | AA38: =K79 -> 570000 | AD38: =S38-30000 -> -30000 | AE38: =S79 -> 0 | AF38: =S116 -> 0 | AG38: =T38 -> 50000 | AH38: =T79 -> 0
C39: 갤럭시 A24 | J39: =(D39+H39+I39)*10000 -> 0 | K39: =(E39+F39+H39+I39)*10000 -> 0 | O39: 5 | S39: =(M39+Q39+R39)*10000 -> 0 | T39: =(N39+O39+Q39+R39)*10000 -> 50000 | V39: =C39 -> 갤럭시 A24 | W39: =J39-30000 -> -30000 | X39: =J80 -> 0 | Y39: =J116 -> 0 | Z39: =K39-30000 -> -30000 | AA39: =K80 -> 50000 | AB39: =K116 -> 0 | AD39: =S39-30000 -> -30000 | AE39: =S80 -> 0 | AF39: =S116 -> 0 | AG39: =T39 -> 50000 | AH39: =T80 -> 0 | AI39: =T116 -> 0
C40: M140(5G컴팩트) | D40: 33 | E40: 43 | F40: 5 | J40: =(D40+H40+I40)*10000 -> 330000 | K40: =(E40+F40+H40+I40)*10000 -> 480000 | L40: 43 | O40: 5 | S40: =(M40+Q40+R40)*10000 -> 0 | T40: =(N40+O40+Q40+R40)*10000 -> 50000 | V40: =C40 -> M140(5G컴팩트) | W40: =J40-30000 -> 300000 | X40: =J81 -> 420000 | Y40: =J117 -> 0 | Z40: =K40-30000 -> 450000 | AA40: =K81 -> 570000 | AB40: =K117 -> 0 | AD40: =S40-30000 -> -30000 | AE40: =S81 -> 0 | AF40: =S117 -> 0 | AG40: =T40 -> 50000 | AH40: =T81 -> 50000 | AI40: =T117 -> 0
C41: M150 | D41: 37 | E41: 47 | J41: =(D41+H41+I41)*10000 -> 370000 | K41: =(E41+F41+H41+I41)*10000 -> 470000 | S41: =(M41+Q41+R41)*10000 -> 0 | T41: =(N41+O41+Q41+R41)*10000 -> 0 | V41: =C41 -> M150 | W41: =J41-30000 -> 340000 | X41: =J82 -> 0 | Y41: =J118 -> 0 | Z41: =K41-30000 -> 440000 | AA41: =K82 -> 0 | AB41: =K118 -> 0 | AD41: =S41-30000 -> -30000 | AE41: =S82 -> 0 | AF41: =S118 -> 0 | AG41: =T41 -> 0 | AH41: =T82 -> 0 | AI41: =T118 -> 0
B43: 5G | C43: S K | D43: MSC MNP 합산단가 | M43: MSC 기변 합산단가
C47: 모델명 | D47: 액단가 | F47: 선약 | G47: 공통 | J47: 공시 합산 | K47: 선약 합산 | M47: 액단가 | O47: 선약 | P47: 공통 | S47: 공시 합산 | T47: 선약 합산
D48: 공시 | E48: 선약 | F48: 유통지원금20이상 | I48: 부가 | M48: 공시 | N48: 선약 | O48: 유통지원금20이상 | R48: 부가
C49: =입력용!C13 -> 갤럭시 Z폴드7 | D49: 49 | E49: 39 | F49: 5 | I49: 10 | J49: =(D49+G49+H49+I49)*10000 -> 590000 | K49: =(E49+F49+G49+H49+I49)*10000 -> 540000 | M49: 44 | N49: 29 | O49: 5 | R49: 10 | S49: =(M49+Q49+R49)*10000 -> 540000 | T49: =(N49+O49+P49+Q49+R49)*10000 -> 440000
C50: =입력용!C14 -> 갤럭시 Z플립7_256G | D50: 49 | E50: 39 | F50: 5 | I50: 10 | J50: =(D50+G50+H50+I50)*10000 -> 590000 | K50: =(E50+F50+G50+H50+I50)*10000 -> 540000 | M50: 34 | N50: 19 | O50: 5 | R50: 10 | S50: =(M50+Q50+R50)*10000 -> 440000 | T50: =(N50+O50+P50+Q50+R50)*10000 -> 340000
C51: =입력용!C15 -> 갤럭시 Z플립7_512G | D51: 49 | E51: 39 | F51: 5 | I51: 10 | J51: =(D51+G51+H51+I51)*10000 -> 590000 | K51: =(E51+F51+G51+H51+I51)*10000 -> 540000 | M51: 44 | N51: 29 | O51: 5 | R51: 10 | S51: =(M51+Q51+R51)*10000 -> 540000 | T51: =(N51+O51+P51+Q51+R51)*10000 -> 440000
C52: 갤럭시 S26_256G | D52: 22 | E52: 32 | F52: 5 | J52: =(D52+G52+H52+I52)*10000 -> 220000 | K52: =(E52+F52+G52+H52+I52)*10000 -> 370000 | M52: 17 | N52: 22 | S52: =(M52+Q52+R52)*10000 -> 170000 | T52: =(N52+O52+P52+Q52+R52)*10000 -> 220000
C53: 갤럭시 S26+_256G | D53: 22 | E53: 32 | F53: 5 | J53: =(D53+G53+H53+I53)*10000 -> 220000 | K53: =(E53+F53+G53+H53+I53)*10000 -> 370000 | M53: 17 | N53: 22 | S53: =(M53+Q53+R53)*10000 -> 170000 | T53: =(N53+O53+P53+Q53+R53)*10000 -> 220000
C54: 갤럭시 S26 울트라_256G | D54: 22 | E54: 32 | F54: 5 | J54: =(D54+G54+H54+I54)*10000 -> 220000 | K54: =(E54+F54+G54+H54+I54)*10000 -> 370000 | M54: 17 | N54: 25 | S54: =(M54+Q54+R54)*10000 -> 170000 | T54: =(N54+O54+P54+Q54+R54)*10000 -> 250000
C55: =입력용!C19 -> 갤럭시 S25 | D55: 26 | E55: 26 | F55: 5 | I55: 10 | J55: =(D55+G55+H55+I55)*10000 -> 360000 | K55: =(E55+F55+G55+H55+I55)*10000 -> 410000 | M55: 21 | N55: 21 | O55: 5 | R55: 10 | S55: =(M55+Q55+R55)*10000 -> 310000 | T55: =(N55+O55+P55+Q55+R55)*10000 -> 360000
C56: 갤럭시 S25+ | F56: 5 | J56: =(D56+G56+H56+I56)*10000 -> 0 | K56: =(E56+F56+G56+H56+I56)*10000 -> 50000 | S56: =(M56+Q56+R56)*10000 -> 0 | T56: =(N56+O56+P56+Q56+R56)*10000 -> 0
C57: 갤럭시 S25 울트라 | D57: 26 | E57: 26 | F57: 5 | I57: 10 | J57: =(D57+G57+H57+I57)*10000 -> 360000 | K57: =(E57+F57+G57+H57+I57)*10000 -> 410000 | M57: 21 | N57: 21 | O57: 5 | R57: 10 | S57: =(M57+Q57+R57)*10000 -> 310000 | T57: =(N57+O57+P57+Q57+R57)*10000 -> 360000
C58: 갤럭시 S25 엣지 | D58: 37 | E58: 12 | F58: 5 | I58: 10 | J58: =(D58+G58+H58+I58)*10000 -> 470000 | K58: =(E58+F58+G58+H58+I58)*10000 -> 270000 | M58: 32 | N58: 7 | O58: 5 | R58: 10 | S58: =(M58+Q58+R58)*10000 -> 420000 | T58: =(N58+O58+P58+Q58+R58)*10000 -> 220000
C59: 아이폰17 256G | D59: 42 | E59: 32 | F59: 5 | I59: 10 | J59: =(D59+H59+I59)*10000 -> 520000 | K59: =(E59+F59+G59+H59+I59)*10000 -> 470000 | M59: 17 | N59: 7 | O59: 5 | R59: 10 | S59: =(M59+Q59+R59)*10000 -> 270000 | T59: =(N59+O59+P59+Q59+R59)*10000 -> 220000
C60: 아이폰17 에어 256G | D60: 42 | E60: 32 | F60: 5 | I60: 10 | J60: =(D60+H60+I60)*10000 -> 520000 | K60: =(E60+F60+G60+H60+I60)*10000 -> 470000 | M60: 17 | N60: 7 | O60: 5 | R60: 10 | S60: =(M60+Q60+R60)*10000 -> 270000 | T60: =(N60+O60+P60+Q60+R60)*10000 -> 220000
C61: 아이폰17 프로 256G | D61: 42 | E61: 32 | F61: 5 | I61: 10 | J61: =(D61+H61+I61)*10000 -> 520000 | K61: =(E61+F61+G61+H61+I61)*10000 -> 470000 | M61: 17 | N61: 7 | O61: 5 | R61: 10 | S61: =(M61+Q61+R61)*10000 -> 270000 | T61: =(N61+O61+P61+Q61+R61)*10000 -> 220000
C62: 아이폰17 프로맥스 256G | D62: 17 | E62: 37 | F62: 5 | I62: 10 | J62: =(D62+H62+I62)*10000 -> 270000 | K62: =(E62+F62+G62+H62+I62)*10000 -> 520000 | M62: 17 | N62: 7 | O62: 5 | R62: 10 | S62: =(M62+Q62+R62)*10000 -> 270000 | T62: =(N62+O62+P62+Q62+R62)*10000 -> 220000
C63: 아이폰16 128G | J63: =(D63+H63+I63)*10000 -> 0 | K63: =(E63+F63+G63+H63+I63)*10000 -> 0 | M63: 0 | S63: =(M63+Q63+R63)*10000 -> 0 | T63: =(N63+O63+P63+Q63+R63)*10000 -> 0
C64: 아이폰16+ 128G | S64: =(M64+Q64+R64)*10000 -> 0 | T64: =(N64+O64+P64+Q64+R64)*10000 -> 0
C65: 아이폰16 프로 128G | S65: =(M65+Q65+R65)*10000 -> 0 | T65: =(N65+O65+P65+Q65+R65)*10000 -> 0
C66: 아이폰16 프로맥스 256G | J66: =(D66+H66+I66)*10000 -> 0 | K66: =(E66+F66+G66+H66+I66)*10000 -> 0 | S66: =(M66+Q66+R66)*10000 -> 0 | T66: =(N66+O66+P66+Q66+R66)*10000 -> 0
C67: 갤럭시 S25FE | D67: 47 | E67: 27 | F67: 5 | I67: 10 | J67: =(D67+H67+I67)*10000 -> 570000 | K67: =(E67+F67+G67+H67+I67)*10000 -> 420000 | M67: 22 | N67: 2 | O67: 5 | R67: 10 | S67: =(M67+Q67+R67)*10000 -> 320000 | T67: =(N67+O67+P67+Q67+R67)*10000 -> 170000
C68: =C27 -> 퀀텀6 A566 | D68: 30 | E68: 45 | F68: 5 | I68: 10 | J68: =(D68+H68+I68)*10000 -> 400000 | K68: =(E68+F68+G68+H68+I68)*10000 -> 600000 | M68: 5 | N68: 25 | O68: 5 | R68: 10 | S68: =(M68+Q68+R68)*10000 -> 150000 | T68: =(N68+O68+P68+Q68+R68)*10000 -> 400000
C69: =C28 -> 갤럭시 A36(5G컴팩트) | D69: 0 | E69: 0 | I69: 5 | J69: =(D69+H69+I69)*10000 -> 50000 | K69: =(E69+F69+G69+H69+I69)*10000 -> 50000 | R69: 5 | S69: =(M69+Q69+R69)*10000 -> 50000 | T69: =(N69+O69+P69+Q69+R69)*10000 -> 50000
J70: =(D70+H70+I70)*10000 -> 0 | K70: =(E70+F70+G70+H70+I70)*10000 -> 0 | S70: =(M70+Q70+R70)*10000 -> 0 | T70: =(N70+O70+P70+Q70+R70)*10000 -> 0
C71: 버디3 | J71: =(D71+H71+I71)*10000 -> 0 | K71: =(E71+F71+G71+H71+I71)*10000 -> 0 | S71: =(M71+Q71+R71)*10000 -> 0 | T71: =(N71+O71+P71+Q71+R71)*10000 -> 0
C72: 갤럭시 A25 5G | J72: =(D72+H72+I72)*10000 -> 0 | K72: =(E72+F72+G72+H72+I72)*10000 -> 0 | S72: =(M72+Q72+R72)*10000 -> 0 | T72: =(N72+O72+P72+Q72+R72)*10000 -> 0
C73: 버디3 | J73: =(D73+H73+I73)*10000 -> 0 | K73: =(E73+F73+G73+H73+I73)*10000 -> 0 | S73: =(M73+Q73+R73)*10000 -> 0 | T73: =(N73+O73+P73+Q73+R73)*10000 -> 0
C74: 와이드7(5G컴팩트) | I74: 2 | J74: =(D74+H74+I74)*10000 -> 20000 | K74: =(E74+F74+G74+H74+I74)*10000 -> 20000 | R74: 2 | S74: =(M74+Q74+R74)*10000 -> 20000 | T74: =(N74+O74+P74+Q74+R74)*10000 -> 20000
C75: =C34 -> 와이드8(5G컴팩트) | D75: 22 | E75: 37 | F75: 15 | I75: 5 | J75: =(D75+H75+I75)*10000 -> 270000 | K75: =(E75+F75+G75+H75+I75)*10000 -> 570000 | O75: 5 | R75: 5 | S75: =(M75+Q75+R75)*10000 -> 50000 | T75: =(N75+O75+P75+Q75+R75)*10000 -> 100000
B76: LTE | C76: 모델명 | D76: 액단가 | F76: 선약 | G76: 공통 | J76: 공시 합산 | K76: 선약 합산 | M76: 액단가 | O76: 선약 | P76: 공통 | S76: 공시 합산 | T76: 선약 합산
D77: 공시 | E77: 선약 | F77: 유통지원금20이상 | I77: 부가 | M77: 공시 | N77: 선약 | O77: 유통지원금20이상 | R77: 부가
C78: =C37 -> 갤럭시 A16(5G컴팩트) | J78: =(D78+H78+I78)*10000 -> 0 | K78: =(E78+F78+H78+I78)*10000 -> 0 | S78: =(M78+Q78+R78)*10000 -> 0 | T78: =(N78+O78+Q78+R78)*10000 -> 0
C79: 갤럭시 A17(세이브,컴팩트) | D79: 40 | E79: 50 | F79: 5 | I79: 2 | J79: =(D79+H79+I79)*10000 -> 420000 | K79: =(E79+F79+H79+I79)*10000 -> 570000 | O79: 5
C80: =C39 -> 갤럭시 A24 | F80: 5 | J80: =(D80+H80+I80)*10000 -> 0 | K80: =(E80+F80+H80+I80)*10000 -> 50000 | S80: =(M80+Q80+R80)*10000 -> 0 | T80: =(N80+O80+Q80+R80)*10000 -> 0
C81: =C40 -> M140(5G컴팩트) | D81: 40 | E81: 50 | F81: 5 | I81: 2 | J81: =(D81+H81+I81)*10000 -> 420000 | K81: =(E81+F81+H81+I81)*10000 -> 570000 | O81: 5 | S81: =(M81+Q81+R81)*10000 -> 0 | T81: =(N81+O81+Q81+R81)*10000 -> 50000
C82: =C41 -> M150 | J82: =(D82+H82+I82)*10000 -> 0 | K82: =(E82+F82+H82+I82)*10000 -> 0 | S82: =(M82+Q82+R82)*10000 -> 0 | T82: =(N82+O82+Q82+R82)*10000 -> 0
B84: 5G | C84: S K
C88: 모델명 | D88: 끝단가 | F88: 공통 | J88: 공시 합산 | K88: 선약 합산 | M88: 끝단가 | O88: 공통 | S88: 공시 합산 | T88: 선약 합산
D89: 공시 | E89: 선약 | F89: mnp추가 | I89: 부가추가 | M89: 공시 | N89: 선약 | O89: 추가 | R89: 부가추가
C90: =입력용!C13 -> 갤럭시 Z폴드7 | J90: =D90+F90+I90 -> 0 | K90: =E90+F90+I90 -> 0 | S90: =M90+O90+R90 -> 0 | T90: =N90+O90+R90 -> 0
C91: =입력용!C14 -> 갤럭시 Z플립7_256G | J91: =D91+F91+I91 -> 0 | K91: =E91+F91+I91 -> 0 | S91: =M91+O91+R91 -> 0 | T91: =N91+O91+R91 -> 0
C92: =입력용!C15 -> 갤럭시 Z플립7_512G
C93: =입력용!C19 -> 갤럭시 S25
C94: 갤럭시 S25+
C95: 갤럭시 S25 울트라
C96: 갤럭시 S25 엣지
C97: 갤럭시 S24 | J97: =D97+F97+I97 -> 0 | K97: =E97+F97+I97 -> 0 | S97: =M97+O97+R97 -> 0 | T97: =N97+O97+R97 -> 0
C98: 갤럭시 S24+ | J98: =D98+F98+I98 -> 0 | K98: =E98+F98+I98 -> 0 | S98: =M98+O98+R98 -> 0 | T98: =N98+O98+R98 -> 0
C99: 갤럭시 S24 울트라 | J99: =D99+F99+I99 -> 0 | K99: =E99+F99+I99 -> 0 | S99: =M99+O99+R99 -> 0 | T99: =N99+O99+R99 -> 0
C100: 아이폰16 128G | J100: =D100+F100+I100 -> 0 | K100: =E100+F100+I100 -> 0 | S100: =M100+O100+R100 -> 0 | T100: =N100+O100+R100 -> 0
C101: 아이폰16+ 128G | J101: =D101+F101+I101 -> 0 | K101: =E101+F101+I101 -> 0 | S101: =M101+O101+R101 -> 0 | T101: =N101+O101+R101 -> 0
C102: 아이폰16 프로 128G | J102: =D102+F102+I102 -> 0 | K102: =E102+F102+I102 -> 0 | S102: =M102+O102+R102 -> 0 | T102: =N102+O102+R102 -> 0
C103: 아이폰16 프로맥스 256G | J103: =D103+F103+I103 -> 0 | K103: =E103+F103+I103 -> 0 | S103: =M103+O103+R103 -> 0 | T103: =N103+O103+R103 -> 0
C104: 갤럭시 S25FE | J104: =D104+F104+I104 -> 0 | K104: =E104+F104+I104 -> 0 | S104: =M104+O104+R104 -> 0 | T104: =N104+O104+R104 -> 0
C105: 퀀텀5 | J105: =D105+F105+I105 -> 0 | K105: =E105+F105+I105 -> 0 | S105: =M105+O105+R105 -> 0 | T105: =N105+O105+R105 -> 0
C106: 갤럭시 A34 5G | J106: =D106+F106+I106 -> 0 | K106: =E106+F106+I106 -> 0 | S106: =M106+O106+R106 -> 0 | T106: =N106+O106+R106 -> 0
J107: =D107+F107+I107 -> 0 | K107: =E107+F107+I107 -> 0 | S107: =M107+O107+R107 -> 0 | T107: =N107+O107+R107 -> 0
C108: 버디3 | J108: =D108+F108+I108 -> 0 | K108: =E108+F108+I108 -> 0 | S108: =M108+O108+R108 -> 0 | T108: =N108+O108+R108 -> 0
C109: 갤럭시 A25 5G | J109: =D109+F109+I109 -> 0 | K109: =E109+F109+I109 -> 0 | S109: =M109+O109+R109 -> 0 | T109: =N109+O109+R109 -> 0
C110: 버디3 | J110: =D110+F110+I110 -> 0 | K110: =E110+F110+I110 -> 0 | S110: =M110+O110+R110 -> 0 | T110: =N110+O110+R110 -> 0
J111: =D111+F111+I111 -> 0 | K111: =E111+F111+I111 -> 0 | S111: =M111+O111+R111 -> 0 | T111: =N111+O111+R111 -> 0
...

Sheet KT 합산단가입력
B2: 5G | C2: KT | D2: MNS MNP 합산단가 | N2: MNS 기변 합산단가 | X2: KT | Y2: MNP | AF2: 기변
Y4: 공시 | AB4: 선약 | AF4: 공시 | AI4: 선약
C6: 모델명 | D6: 끝단가 | F6: 선약 | G6: 공통 | K6: 공시 합산 | L6: 선약 합산 | N6: 끝단가 | P6: 선약 | Q6: 공통 | U6: 공시 합산 | V6: 선약 합산 | X6: 모델명 | Y6: MNS | Z6: 세이프 | AA6: 이룸 | AB6: MNS | AC6: 세이프 | AD6: 이룸 | AF6: MNS | AG6: 세이프 | AH6: 이룸 | AI6: MNS | AJ6: 세이프 | AK6: 이룸
D7: 공시 | E7: 선약 | F7: 유통지원금20이상 | G7: S26예약접수 | H7: S26대응정책 | I7: 부가추가 | J7: 저가mnp구두 | N7: 공시 | O7: 선약 | P7: 유통지원금20이상 | R7: S26대응정책 | S7: 부가추가
C8: =입력용!C13 -> 갤럭시 Z폴드7 | D8: 41 | E8: =D8 -> 41 | F8: 3 | I8: 4 | K8: =(D8+H8+G8+I8+J8)*10000 -> 450000 | L8: =(E8+F8+G8+I8+J8+H8)*10000 -> 480000 | N8: 48 | O8: =N8 -> 48 | P8: 3 | S8: 4 | U8: =(N8+R8+Q8+S8+T8)*10000 -> 520000 | V8: =(O8+P8+Q8+S8+T8+R8)*10000 -> 550000 | X8: =C8 -> 갤럭시 Z폴드7 | Y8: =K8 -> 450000 | Z8: =K49 -> 80000 | AA8: =K86-40000 -> 500000 | AB8: =L8 -> 480000 | AC8: =L49 -> 80000 | AD8: =L86-40000 -> 530000 | AF8: =U8 -> 520000 | AG8: =U49 -> 80000 | AH8: =U86-40000 -> 560000 | AI8: =V8 -> 550000 | AJ8: =V49 -> 80000 | AK8: =V86-40000 -> 590000
C9: =입력용!C14 -> 갤럭시 Z플립7_256G | D9: 41 | E9: =D9 -> 41 | F9: 3 | I9: 4 | K9: =(D9+H9+G9+I9+J9)*10000 -> 450000 | L9: =(E9+F9+G9+I9+J9+H9)*10000 -> 480000 | N9: 50 | O9: =N9 -> 50 | P9: 3 | S9: 4 | U9: =(N9+R9+Q9+S9+T9)*10000 -> 540000 | V9: =(O9+P9+Q9+S9+T9+R9)*10000 -> 570000 | X9: =C9 -> 갤럭시 Z플립7_256G | Y9: =K9 -> 450000 | Z9: =K50 -> 80000 | AA9: =K87-40000 -> 500000 | AB9: =L9 -> 480000 | AC9: =L50 -> 80000 | AD9: =L87-40000 -> 530000 | AF9: =U9 -> 540000 | AG9: =U50 -> 80000 | AH9: =U87-40000 -> 560000 | AI9: =V9 -> 570000 | AJ9: =V50 -> 80000 | AK9: =V87-40000 -> 590000
C10: =입력용!C15 -> 갤럭시 Z플립7_512G | D10: 41 | E10: =D10 -> 41 | F10: 3 | I10: 4 | K10: =(D10+H10+G10+I10+J10)*10000 -> 450000 | L10: =(E10+F10+G10+I10+J10+H10)*10000 -> 480000 | N10: 50 | O10: =N10 -> 50 | P10: 3 | S10: 4 | U10: =(N10+R10+Q10+S10+T10)*10000 -> 540000 | V10: =(O10+P10+Q10+S10+T10+R10)*10000 -> 570000 | X10: =C10 -> 갤럭시 Z플립7_512G | Y10: =K10 -> 450000 | Z10: =K51 -> 80000 | AA10: =K88-40000 -> 500000 | AB10: =L10 -> 480000 | AC10: =L51 -> 80000 | AD10: =L88-40000 -> 530000 | AF10: =U10 -> 540000 | AG10: =U51 -> 80000 | AH10: =U88-40000 -> 560000 | AI10: =V10 -> 570000 | AJ10: =V51 -> 80000 | AK10: =V88-40000 -> 590000
C11: 갤럭시 S26_256G | D11: 38 | E11: =D11 -> 38 | F11: 3 | I11: 4 | K11: =(D11+H11+G11+I11+J11)*10000 -> 420000 | L11: =(E11+F11+G11+I11+J11+H11)*10000 -> 450000 | N11: 39 | O11: =N11 -> 39 | P11: 3 | S11: 4 | U11: =(N11+R11+Q11+S11+T11)*10000 -> 430000 | V11: =(O11+P11+Q11+S11+T11+R11)*10000 -> 460000 | X11: 갤럭시 S26_256G | Y11: =K11 -> 420000 | Z11: =K52 -> 80000 | AA11: =K89-40000 -> 460000 | AB11: =L11 -> 450000 | AC11: =L52 -> 80000 | AD11: =L89-40000 -> 490000 | AF11: =U11 -> 430000 | AG11: =U52 -> 80000 | AH11: =U89-40000 -> 450000 | AI11: =V11 -> 460000 | AJ11: =V52 -> 80000 | AK11: =V89-40000 -> 480000
C12: 갤럭시 S26+_256G | D12: 38 | E12: =D12 -> 38 | F12: 3 | I12: 4 | K12: =(D12+H12+G12+I12+J12)*10000 -> 420000 | L12: =(E12+F12+G12+I12+J12+H12)*10000 -> 450000 | N12: 39 | O12: =N12 -> 39 | P12: 3 | S12: 4 | U12: =(N12+R12+Q12+S12+T12)*10000 -> 430000 | V12: =(O12+P12+Q12+S12+T12+R12)*10000 -> 460000 | X12: 갤럭시 S26+_256G | Y12: =K12 -> 420000 | Z12: =K53 -> 80000 | AA12: =K90-40000 -> 460000 | AB12: =L12 -> 450000 | AC12: =L53 -> 80000 | AD12: =L90-40000 -> 490000 | AF12: =U12 -> 430000 | AG12: =U53 -> 80000 | AH12: =U90-40000 -> 450000 | AI12: =V12 -> 460000 | AJ12: =V53 -> 80000 | AK12: =V90-40000 -> 480000
C13: 갤럭시 S26 울트라_256G | D13: 38 | E13: =D13 -> 38 | F13: 3 | I13: 4 | K13: =(D13+H13+G13+I13+J13)*10000 -> 420000 | L13: =(E13+F13+G13+I13+J13+H13)*10000 -> 450000 | N13: 39 | O13: =N13 -> 39 | P13: 3 | S13: 4 | U13: =(N13+R13+Q13+S13+T13)*10000 -> 430000 | V13: =(O13+P13+Q13+S13+T13+R13)*10000 -> 460000 | X13: 갤럭시 S26 울트라_256G | Y13: =K13 -> 420000 | Z13: =K54 -> 80000 | AA13: =K91-40000 -> 400000 | AB13: =L13 -> 450000 | AC13: =L54 -> 80000 | AD13: =L91-40000 -> 430000 | AF13: =U13 -> 430000 | AG13: =U54 -> 80000 | AH13: =U91-40000 -> 390000 | AI13: =V13 -> 460000 | AJ13: =V54 -> 80000 | AK13: =V91-40000 -> 420000
C14: 갤럭시 S25 | D14: 40 | E14: =D14 -> 40 | F14: 3 | I14: 4 | K14: =(D14+H14+G14+I14+J14)*10000 -> 440000 | L14: =(E14+F14+G14+I14+J14+H14)*10000 -> 470000 | N14: 27 | O14: =N14 -> 27 | P14: 3 | S14: 4 | U14: =(N14+R14+Q14+S14+T14)*10000 -> 310000 | V14: =(O14+P14+Q14+S14+T14+R14)*10000 -> 340000 | X14: 갤럭시 S25 | Y14: =K14 -> 440000 | Z14: =K52 -> 80000 | AA14: =K92-40000 -> 430000 | AB14: =L14 -> 470000 | AC14: =L52 -> 80000 | AD14: =L92-40000 -> 460000 | AF14: =U14 -> 310000 | AG14: =U52 -> 80000 | AH14: =U92-40000 -> 330000 | AI14: =V14 -> 340000 | AJ14: =V52 -> 80000 | AK14: =V92-40000 -> 360000
C15: 갤럭시 S25+ | E15: =D15 -> 0 | K15: =(D15+H15+G15+I15+J15)*10000 -> 0 | L15: =(E15+F15+G15+I15+J15+H15)*10000 -> 0 | O15: =N15 -> 0 | U15: =(N15+R15+Q15+S15+T15)*10000 -> 0 | V15: =(O15+P15+Q15+S15+T15+R15)*10000 -> 0 | X15: 갤럭시 S25+ | Y15: =K15 -> 0 | Z15: =K53 -> 80000 | AA15: =K93-40000 -> -40000 | AB15: =L15 -> 0 | AC15: =L53 -> 80000 | AD15: =L93-40000 -> -40000 | AF15: =U15 -> 0 | AG15: =U53 -> 80000 | AH15: =U93-40000 -> -40000 | AI15: =V15 -> 0 | AJ15: =V53 -> 80000 | AK15: =V93-40000 -> -40000
C16: 갤럭시 S25 울트라 | D16: 40 | E16: =D16 -> 40 | F16: 3 | I16: 4 | K16: =(D16+H16+G16+I16+J16)*10000 -> 440000 | L16: =(E16+F16+G16+I16+J16+H16)*10000 -> 470000 | N16: 26 | O16: =N16 -> 26 | P16: 3 | S16: 4 | U16: =(N16+R16+Q16+S16+T16)*10000 -> 300000 | V16: =(O16+P16+Q16+S16+T16+R16)*10000 -> 330000 | X16: 갤럭시 S25 울트라 | Y16: =K16 -> 440000 | Z16: =K54 -> 80000 | AA16: =K94-40000 -> 430000 | AB16: =L16 -> 470000 | AC16: =L54 -> 80000 | AD16: =L94-40000 -> 460000 | AF16: =U16 -> 300000 | AG16: =U54 -> 80000 | AH16: =U94-40000 -> 330000 | AI16: =V16 -> 330000 | AJ16: =V54 -> 80000 | AK16: =V94-40000 -> 360000
C17: 갤럭시 S25 엣지 | D17: 46 | E17: =D17 -> 46 | F17: 3 | I17: 4 | K17: =(D17+H17+G17+I17+J17)*10000 -> 500000 | L17: =(E17+F17+G17+I17+J17+H17)*10000 -> 530000 | N17: 56 | O17: =N17 -> 56 | P17: 3 | S17: 4 | U17: =(N17+R17+Q17+S17+T17)*10000 -> 600000 | V17: =(O17+P17+Q17+S17+T17+R17)*10000 -> 630000 | X17: =C17 -> 갤럭시 S25 엣지 | Y17: =K17 -> 500000 | Z17: =K55 -> 80000 | AA17: =K95-40000 -> 520000 | AB17: =L17 -> 530000 | AC17: =L55 -> 80000 | AD17: =L95-40000 -> 550000 | AF17: =U17 -> 600000 | AG17: =U55 -> 80000 | AH17: =U95-40000 -> 590000 | AI17: =V17 -> 630000 | AJ17: =V55 -> 80000 | AK17: =V95-40000 -> 620000
C18: 아이폰17 256G | D18: 53 | E18: =D18 -> 53 | F18: 3 | G18: 10 | I18: 4 | K18: =(D18+H18+G18+I18+J18)*10000 -> 670000 | L18: =(E18+F18+G18+I18+J18+H18)*10000 -> 700000 | N18: 31 | O18: =N18 -> 31 | P18: 3 | Q18: -5 | S18: 4 | U18: =(N18+R18+Q18+S18+T18)*10000 -> 300000 | V18: =(O18+P18+Q18+S18+T18+R18)*10000 -> 330000 | X18: =C18 -> 아이폰17 256G | Y18: =K18 -> 670000 | Z18: =K56 -> 80000 | AA18: =K96-40000 -> 590000 | AB18: =L18 -> 700000 | AC18: =L56 -> 80000 | AD18: =L96-40000 -> 620000 | AF18: =U18 -> 300000 | AG18: =U56 -> 80000 | AH18: =U96-40000 -> 310000 | AI18: =V18 -> 330000 | AJ18: =V56 -> 80000 | AK18: =V96-40000 -> 340000
C19: 아이폰17 에어 256G | D19: 53 | E19: =D19 -> 53 | F19: 3 | G19: 10 | I19: 4 | K19: =(D19+H19+G19+I19+J19)*10000 -> 670000 | L19: =(E19+F19+G19+I19+J19+H19)*10000 -> 700000 | N19: 31 | O19: =N19 -> 31 | P19: 3 | Q19: -5 | S19: 4 | U19: =(N19+R19+Q19+S19+T19)*10000 -> 300000 | V19: =(O19+P19+Q19+S19+T19+R19)*10000 -> 330000 | X19: =C19 -> 아이폰17 에어 256G | Y19: =K19 -> 670000 | Z19: =K57 -> 80000 | AA19: =K97-40000 -> 560000 | AB19: =L19 -> 700000 | AC19: =L57 -> 80000 | AD19: =L97-40000 -> 590000 | AF19: =U19 -> 300000 | AG19: =U57 -> 80000 | AH19: =U97-40000 -> 310000 | AI19: =V19 -> 330000 | AJ19: =V57 -> 80000 | AK19: =V97-40000 -> 340000
C20: 아이폰17 프로 256G | D20: 53 | E20: =D20 -> 53 | F20: 3 | G20: 10 | I20: 4 | K20: =(D20+H20+G20+I20+J20)*10000 -> 670000 | L20: =(E20+F20+G20+I20+J20+H20)*10000 -> 700000 | N20: 31 | O20: =N20 -> 31 | P20: 3 | Q20: -5 | S20: 4 | U20: =(N20+R20+Q20+S20+T20)*10000 -> 300000 | V20: =(O20+P20+Q20+S20+T20+R20)*10000 -> 330000 | X20: =C20 -> 아이폰17 프로 256G | Y20: =K20 -> 670000 | Z20: =K58 -> 80000 | AA20: =K98-40000 -> 560000 | AB20: =L20 -> 700000 | AC20: =L58 -> 80000 | AD20: =L98-40000 -> 590000 | AF20: =U20 -> 300000 | AG20: =U58 -> 80000 | AH20: =U98-40000 -> 310000 | AI20: =V20 -> 330000 | AJ20: =V58 -> 80000 | AK20: =V98-40000 -> 340000
C21: 아이폰17 프로맥스 256G | D21: 47 | E21: =D21 -> 47 | F21: 3 | G21: 10 | I21: 4 | K21: =(D21+H21+G21+I21+J21)*10000 -> 610000 | L21: =(E21+F21+G21+I21+J21+H21)*10000 -> 640000 | N21: 25 | O21: =N21 -> 25 | P21: 3 | Q21: -5 | S21: 4 | U21: =(N21+R21+Q21+S21+T21)*10000 -> 240000 | V21: =(O21+P21+Q21+S21+T21+R21)*10000 -> 270000 | X21: =C21 -> 아이폰17 프로맥스 256G | Y21: =K21 -> 610000 | Z21: =K59 -> 80000 | AA21: =K99-40000 -> 540000 | AB21: =L21 -> 640000 | AC21: =L59 -> 80000 | AD21: =L99-40000 -> 570000 | AF21: =U21 -> 240000 | AG21: =U59 -> 80000 | AH21: =U99-40000 -> 260000 | AI21: =V21 -> 270000 | AJ21: =V59 -> 80000 | AK21: =V99-40000 -> 290000
C22: 아이폰16 128G | E22: =D22 -> 0 | K22: =(D22+H22+G22+I22+J22)*10000 -> 0 | L22: =(E22+F22+G22+I22+J22+H22)*10000 -> 0 | O22: =N22 -> 0 | U22: =(N22+R22+Q22+S22+T22)*10000 -> 0 | V22: =(O22+P22+Q22+S22+T22+R22)*10000 -> 0 | X22: =C22 -> 아이폰16 128G | Y22: =K22 -> 0 | Z22: =K60 -> 80000 | AA22: =K100-40000 -> 20000 | AB22: =L22 -> 0 | AC22: =L60 -> 80000 | AD22: =L100-40000 -> 50000 | AF22: =U22 -> 0 | AG22: =U60 -> 80000 | AH22: =U100-40000 -> 20000 | AI22: =V22 -> 0 | AJ22: =V60 -> 80000 | AK22: =V100-40000 -> 50000
C23: 아이폰16+ 128G | E23: =D23 -> 0 | K23: =(D23+H23+G23+I23+J23)*10000 -> 0 | L23: =(E23+F23+G23+I23+J23+H23)*10000 -> 0 | O23: =N23 -> 0 | U23: =(N23+R23+Q23+S23+T23)*10000 -> 0 | V23: =(O23+P23+Q23+S23+T23+R23)*10000 -> 0 | X23: =C23 -> 아이폰16+ 128G | Y23: =K23 -> 0 | Z23: =K61 -> 80000 | AA23: =K101-40000 -> -40000 | AB23: =L23 -> 0 | AC23: =L61 -> 80000 | AD23: =L101-40000 -> -40000 | AF23: =U23 -> 0 | AG23: =U61 -> 0 | AH23: =U101-40000 -> -40000 | AI23: =V23 -> 0 | AJ23: =V61 -> 0 | AK23: =V101-40000 -> -40000
C24: 아이폰16 프로 128G | E24: =D24 -> 0 | K24: =(D24+H24+G24+I24+J24)*10000 -> 0 | L24: =(E24+F24+G24+I24+J24+H24)*10000 -> 0 | O24: =N24 -> 0 | U24: =(N24+R24+Q24+S24+T24)*10000 -> 0 | V24: =(O24+P24+Q24+S24+T24+R24)*10000 -> 0 | X24: =C24 -> 아이폰16 프로 128G | Y24: =K24 -> 0 | Z24: =K62 -> 80000 | AA24: =K102-40000 -> 20000 | AB24: =L24 -> 0 | AC24: =L62 -> 80000 | AD24: =L102-40000 -> 50000 | AF24: =U24 -> 0 | AG24: =U62 -> 80000 | AH24: =U102-40000 -> -40000 | AI24: =V24 -> 0 | AJ24: =V62 -> 80000 | AK24: =V102-40000 -> -40000
C25: 아이폰16 프로맥스 256G | E25: =D25 -> 0 | K25: =(D25+H25+G25+I25+J25)*10000 -> 0 | L25: =(E25+F25+G25+I25+J25+H25)*10000 -> 0 | O25: =N25 -> 0 | U25: =(N25+R25+Q25+S25+T25)*10000 -> 0 | V25: =(O25+P25+Q25+S25+T25+R25)*10000 -> 0 | X25: =C25 -> 아이폰16 프로맥스 256G | Y25: =K25 -> 0 | Z25: =K63 -> 80000 | AA25: =K103-40000 -> 20000 | AB25: =L25 -> 0 | AC25: =L63 -> 80000 | AD25: =L103-40000 -> 50000 | AF25: =U25 -> 0 | AG25: =U63 -> 80000 | AH25: =U103-40000 -> -40000 | AI25: =V25 -> 0 | AJ25: =V63 -> 80000 | AK25: =V103-40000 -> -40000
C26: 갤럭시 S25FE | E26: =D26 -> 0 | K26: =(D26+H26+G26+I26+J26)*10000 -> 0 | L26: =(E26+F26+G26+I26+J26+H26)*10000 -> 0 | O26: =N26 -> 0 | U26: =(N26+R26+Q26+S26+T26)*10000 -> 0 | V26: =(O26+P26+Q26+S26+T26+R26)*10000 -> 0 | X26: =C26 -> 갤럭시 S25FE | Y26: =K26 -> 0 | Z26: =K64 -> 80000 | AA26: =K104-40000 -> 410000 | AB26: =L26 -> 0 | AC26: =L64 -> 80000 | AD26: =L104-40000 -> 440000 | AF26: =U26 -> 0 | AG26: =U64 -> 80000 | AH26: =U104-40000 -> 380000 | AI26: =V26 -> 0 | AJ26: =V64 -> 80000 | AK26: =V104-40000 -> 410000
E27: =D27 -> 0 | F27: 2 | J27: 2 | K27: =(D27+H27+G27+I27+J27)*10000 -> 20000 | L27: =(E27+F27+G27+I27+J27+H27)*10000 -> 40000 | O27: =N27 -> 0 | P27: 2 | U27: =(N27+R27+Q27+S27+T27)*10000 -> 0 | V27: =(O27+P27+Q27+S27+T27+R27)*10000 -> 20000 | X27: =C27 -> 0 | Y27: =K27 -> 20000 | Z27: =K65 -> 0 | AA27: =K105-40000 -> -40000 | AB27: =L27 -> 40000 | AC27: =L65 -> 0 | AD27: =L105-40000 -> -20000 | AF27: =U27 -> 0 | AG27: =U65 -> 0 | AH27: =U105-40000 -> -40000 | AI27: =V27 -> 20000 | AJ27: =V65 -> 0 | AK27: =V105-40000 -> -20000
C28: 갤럭시 A36(61이상) | E28: =D28 -> 0 | K28: =(D28+H28+G28+I28+J28)*10000 -> 0 | L28: =(E28+F28+G28+I28+J28+H28)*10000 -> 0 | O28: =N28 -> 0 | U28: =(N28+R28+Q28+S28+T28)*10000 -> 0 | V28: =(O28+P28+Q28+S28+T28+R28)*10000 -> 0 | X28: =C28 -> 갤럭시 A36(61이상) | Y28: =K28 -> 0 | Z28: =K66 -> 80000 | AA28: =K106-40000 -> 400000 | AB28: =L28 -> 0 | AC28: =L66 -> 80000 | AD28: =L106-40000 -> 430000 | AF28: =U28 -> 0 | AG28: =U66 -> 80000 | AH28: =U106-40000 -> 280000 | AI28: =V28 -> 0 | AJ28: =V66 -> 80000 | AK28: =V106-40000 -> 310000
C29: 퀀텀4 | E29: =D29 -> 0 | F29: 2 | J29: 2 | K29: =(D29+H29+G29+I29+J29)*10000 -> 20000 | L29: =(E29+F29+G29+I29+J29+H29)*10000 -> 40000 | O29: =N29 -> 0 | P29: 2 | U29: =(N29+R29+Q29+S29+T29)*10000 -> 0 | V29: =(O29+P29+Q29+S29+T29+R29)*10000 -> 20000 | X29: =C29 -> 퀀텀4 | Y29: =K29 -> 20000 | Z29: =K67 -> 2 | AA29: =K107-40000 -> -40000 | AB29: =L29 -> 40000 | AC29: =L67 -> 2 | AD29: =L107-40000 -> -20000 | AF29: =U29 -> 0 | AG29: =U67 -> 0 | AH29: =U107-40000 -> -40000 | AI29: =V29 -> 20000 | AJ29: =V67 -> 0 | AK29: =V107-40000 -> -40000
F30: 2 | J30: 2 | K30: =(D30+H30+G30+I30+J30)*10000 -> 20000 | L30: =(E30+F30+G30+I30+J30+H30)*10000 -> 40000 | P30: 2 | U30: =(N30+R30+Q30+S30+T30)*10000 -> 0 | V30: =(O30+P30+Q30+S30+T30+R30)*10000 -> 20000 | X30: =C30 -> 0 | Y30: =K30 -> 20000 | Z30: =K68 -> 20000 | AA30: =K108-40000 -> -40000 | AB30: =L30 -> 40000 | AC30: =L68 -> 20000 | AD30: =L108-40000 -> -20000 | AF30: =U30 -> 0 | AG30: =U68 -> 0 | AH30: =U108-40000 -> -40000 | AI30: =V30 -> 20000 | AJ30: =V68 -> 0 | AK30: =V108-40000 -> -40000
C31: 점프4 M366 (61이상) | D31: 46 | E31: =D31 -> 46 | F31: 3 | I31: 4 | K31: =(D31+H31+G31+I31+J31)*10000 -> 500000 | L31: =(E31+F31+G31+I31+J31+H31)*10000 -> 530000 | N31: 26 | O31: =N31 -> 26 | P31: 3 | S31: 4 | U31: =(N31+R31+Q31+S31+T31)*10000 -> 300000 | V31: =(O31+P31+Q31+S31+T31+R31)*10000 -> 330000 | X31: =C31 -> 점프4 M366 (61이상) | Y31: =K31 -> 500000 | Z31: =K69 -> 80000 | AA31: =K109-40000 -> 520000 | AB31: =L31 -> 530000 | AC31: =L69 -> 80000 | AD31: =L109-40000 -> 550000 | AF31: =U31 -> 300000 | AG31: =U69 -> 80000 | AH31: =U109-40000 -> 300000 | AI31: =V31 -> 330000 | AJ31: =V69 -> 80000 | AK31: =V109-40000 -> 330000
C32: 버디3 | K32: =(D32+G32+I32+J32)*10000 -> 0 | L32: =(E32+G32+I32+J32)*10000 -> 0 | P32: 3 | U32: =(N32+Q32+S32+T32)*10000 -> 0 | V32: =O32+Q32+S32+T32 -> 0 | X32: =C32 -> 버디3 | Y32: =K32 -> 0 | Z32: =K70 -> 0 | AA32: =K110-40000 -> -40000 | AB32: =L32 -> 0 | AC32: =L70 -> 0 | AD32: =L110-40000 -> -40000 | AF32: =U32 -> 0 | AG32: =U70 -> 0 | AH32: =U110-40000 -> 40000 | AI32: =V32 -> 0 | AJ32: =V70 -> 0 | AK32: =V110-40000 -> 40000
C33: 와이드7 | K33: =(D33+G33+I33+J33)*10000 -> 0 | L33: =(E33+G33+I33+J33)*10000 -> 0 | U33: =(N33+Q33+S33+T33)*10000 -> 0 | V33: =O33+Q33+S33+T33 -> 0 | X33: =C33 -> 와이드7 | Y33: =K33 -> 0 | Z33: =K71 -> 0 | AA33: =K111-40000 -> -40000 | AB33: =L33 -> 0 | AC33: =L71 -> 0 | AD33: =L111-40000 -> -40000 | AF33: =U33 -> 0 | AG33: =U71 -> 0 | AH33: =U111-40000 -> -40000 | AI33: =V33 -> 0 | AJ33: =V71 -> 0 | AK33: =V111-40000 -> -40000
K34: =(D34+G34+I34+J34)*10000 -> 0 | L34: =(E34+G34+I34+J34)*10000 -> 0 | U34: =(N34+Q34+S34+T34)*10000 -> 0 | V34: =O34+Q34+S34+T34 -> 0 | X34: =C34 -> 0 | Y34: =K34 -> 0 | Z34: =K72 -> 0 | AA34: =K112-40000 -> -40000 | AB34: =L34 -> 0 | AC34: =L72 -> 0 | AD34: =L112-40000 -> -40000 | AF34: =U34 -> 0 | AG34: =U72 -> 0 | AH34: =U112-40000 -> -40000 | AI34: =V34 -> 0 | AJ34: =V72 -> 0 | AK34: =V112-40000 -> -40000
B35: LTE | C35: 모델명 | D35: 끝단가 | F35: 선약 | G35: 공통 | K35: 공시 합산 | L35: 선약 합산 | N35: 끝단가 | P35: 선약 | U35: 공시 합산 | V35: 선약 합산 | X35: 모델명 | Y35: MNS | Z35: 세이프 | AA35: 이룸 | AB35: MNS | AC35: 세이프 | AD35: 이룸 | AF35: MNS | AG35: 세이프 | AH35: 이룸 | AI35: MNS | AJ35: 세이프 | AK35: 이룸
D36: 공시 | E36: 선약 | F36: 유통지원금20이상 | G36: 이동접수 | I36: 부가추가 | N36: 공시 | O36: 선약 | P36: 유통지원금20이상 | Q36: 이동접수 | S36: 부가추가
C37: 갤럭시 A17 | D37: 24 | E37: =D37 -> 24 | F37: 3 | I37: 4 | J37: 5 | K37: =(D37+H37+G37+I37+J37)*10000 -> 330000 | L37: =(E37+F37+G37+I37+J37+H37)*10000 -> 360000 | N37: 13 | O37: =N37 -> 13 | P37: 3 | S37: 4 | U37: =(N37+Q37+S37+T37)*10000 -> 170000 | V37: =(O37+P37+Q37+S37+T37+R37)*10000 -> 200000 | X37: =C37 -> 갤럭시 A17 | Y37: =K37 -> 330000 | Z37: =K75 -> 80000 | AA37: =K115-40000 -> 340000 | AB37: =L37 -> 360000 | AC37: =L75 -> 80000 | AD37: =L115-40000 -> 370000 | AF37: =U37 -> 170000 | AG37: =U75 -> 80000 | AH37: =U115-40000 -> 240000 | AI37: =V37 -> 200000 | AJ37: =V75 -> 80000 | AK37: =V115-40000 -> 270000
C38: 갤럭시 A24 | E38: =D38 -> 0 | K38: =(D38+G38+I38+J38)*10000 -> 0 | L38: =(E38+G38+I38+J38)*10000 -> 0 | O38: =N38 -> 0 | U38: =(N38+Q38+S38+T38)*10000 -> 0 | V38: =(O38+Q38+S38+T38)*10000 -> 0 | X38: =C38 -> 갤럭시 A24 | Y38: =K38 -> 0 | Z38: =K76 -> 30000 | AA38: =K116-40000 -> -10000 | AB38: =L38 -> 0 | AC38: =L76 -> 30000 | AD38: =L116-40000 -> -10000 | AF38: =U38 -> 0 | AG38: =U76 -> 50000 | AH38: =U116-40000 -> -40000 | AI38: =V38 -> 0 | AJ38: =V76 -> 50000 | AK38: =V116-40000 -> -40000
C40: M120 | E40: =D40 -> 0 | K40: =(D40+G40+I40+J40)*10000 -> 0 | L40: =(E40+G40+I40+J40)*10000 -> 0 | O40: =N40 -> 0 | U40: =(N40+Q40+S40+T40)*10000 -> 0 | V40: =(O40+Q40+S40+T40)*10000 -> 0 | X40: =C40 -> M120 | Y40: =K40 -> 0 | Z40: =K77 -> 80000 | AA40: =K117-40000 -> -40000 | AB40: =L40 -> 0 | AC40: =L77 -> 80000 | AD40: =L117-40000 -> -40000 | AF40: =U40 -> 0 | AG40: =U77 -> 0 | AH40: =U117-40000 -> -40000 | AI40: =V40 -> 0 | AJ40: =V77 -> 0 | AK40: =V117-40000 -> -40000
C41: A165K | E41: =D41 -> 0 | K41: =(D41+G41+I41+J41)*10000 -> 0 | L41: =(E41+G41+I41+J41)*10000 -> 0 | O41: =N41 -> 0 | U41: =(N41+Q41+S41+T41)*10000 -> 0 | V41: =(O41+Q41+S41+T41)*10000 -> 0 | X41: =C41 -> A165K | Y41: =K41 -> 0 | Z41: =K78 -> 30000 | AA41: =K118-40000 -> -10000 | AB41: =L41 -> 0 | AC41: =L78 -> 30000 | AD41: =L118-40000 -> -10000 | AF41: =U41 -> 0 | AG41: =U78 -> 0 | AH41: =U118-40000 -> -40000 | AI41: =V41 -> 0 | AJ41: =V78 -> 0 | AK41: =V118-40000 -> -40000
B43: 5G | C43: KT | D43: 세이프 MNP 합산단가 | N43: 세이프 기변 합산단가
C47: 모델명 | D47: 끝단가 | G47: 공통 | K47: 공시 합산 | L47: 선약 합산 | N47: 끝단가 | Q47: 공통 | U47: 공시 합산 | V47: 선약 합산
D48: 공시 | E48: 선약 | G48: 추가정책 | I48: 부가추가 | J48: 유통지원금20이상 | N48: 공시 | O48: 선약 | S48: 부가추가 | T48: 유통지원금20이상
C49: =입력용!C13 -> 갤럭시 Z폴드7 | D49: 0 | E49: =D49 -> 0 | I49: 5 | J49: 3 | K49: =(D49+G49+I49+J49)*10000 -> 80000 | L49: =(E49+G49+I49+J49)*10000 -> 80000 | N49: 0 | O49: =N49 -> 0 | S49: 5 | T49: 3 | U49: =(N49+Q49+S49+T49)*10000 -> 80000 | V49: =(O49+Q49+S49+T49)*10000 -> 80000
C50: =입력용!C14 -> 갤럭시 Z플립7_256G | D50: 0 | E50: =D50 -> 0 | I50: 5 | J50: 3 | K50: =(D50+G50+I50+J50)*10000 -> 80000 | L50: =(E50+G50+I50+J50)*10000 -> 80000 | N50: 0 | O50: =N50 -> 0 | S50: 5 | T50: 3 | U50: =(N50+Q50+S50+T50)*10000 -> 80000 | V50: =(O50+Q50+S50+T50)*10000 -> 80000
C51: =입력용!C15 -> 갤럭시 Z플립7_512G | D51: 0 | E51: =D51 -> 0 | I51: 5 | J51: 3 | K51: =(D51+G51+I51+J51)*10000 -> 80000 | L51: =(E51+G51+I51+J51)*10000 -> 80000 | N51: 0 | O51: =N51 -> 0 | S51: 5 | T51: 3 | U51: =(N51+Q51+S51+T51)*10000 -> 80000 | V51: =(O51+Q51+S51+T51)*10000 -> 80000
C52: =입력용!C19 -> 갤럭시 S25 | D52: 0 | E52: =D52 -> 0 | I52: 5 | J52: 3 | K52: =(D52+G52+I52+J52)*10000 -> 80000 | L52: =(E52+G52+I52+J52)*10000 -> 80000 | N52: 0 | O52: =N52 -> 0 | S52: 5 | T52: 3 | U52: =(N52+Q52+S52+T52)*10000 -> 80000 | V52: =(O52+Q52+S52+T52)*10000 -> 80000
C53: 갤럭시 S25+ | D53: 0 | E53: =D53 -> 0 | I53: 5 | J53: 3 | K53: =(D53+G53+I53+J53)*10000 -> 80000 | L53: =(E53+G53+I53+J53)*10000 -> 80000 | N53: 0 | O53: =N53 -> 0 | S53: 5 | T53: 3 | U53: =(N53+Q53+S53+T53)*10000 -> 80000 | V53: =(O53+Q53+S53+T53)*10000 -> 80000
C54: 갤럭시 S25 울트라 | D54: 0 | E54: =D54 -> 0 | I54: 5 | J54: 3 | K54: =(D54+G54+I54+J54)*10000 -> 80000 | L54: =(E54+G54+I54+J54)*10000 -> 80000 | N54: 0 | O54: =N54 -> 0 | S54: 5 | T54: 3 | U54: =(N54+Q54+S54+T54)*10000 -> 80000 | V54: =(O54+Q54+S54+T54)*10000 -> 80000
C55: 갤럭시 S25 엣지 | D55: 0 | E55: =D55 -> 0 | I55: 5 | J55: 3 | K55: =(D55+G55+I55+J55)*10000 -> 80000 | L55: =(E55+G55+I55+J55)*10000 -> 80000 | N55: 0 | O55: =N55 -> 0 | S55: 5 | T55: 3 | U55: =(N55+Q55+S55+T55)*10000 -> 80000 | V55: =(O55+Q55+S55+T55)*10000 -> 80000
C56: 아이폰17 256G | D56: 0 | E56: =D56 -> 0 | I56: 5 | J56: 3 | K56: =(D56+G56+I56+J56)*10000 -> 80000 | L56: =(E56+G56+I56+J56)*10000 -> 80000 | N56: 0 | O56: =N56 -> 0 | S56: 5 | T56: 3 | U56: =(N56+Q56+S56+T56)*10000 -> 80000 | V56: =(O56+Q56+S56+T56)*10000 -> 80000
C57: 아이폰17 에어 256G | D57: 0 | E57: =D57 -> 0 | I57: 5 | J57: 3 | K57: =(D57+G57+I57+J57)*10000 -> 80000 | L57: =(E57+G57+I57+J57)*10000 -> 80000 | N57: 0 | O57: =N57 -> 0 | S57: 5 | T57: 3 | U57: =(N57+Q57+S57+T57)*10000 -> 80000 | V57: =(O57+Q57+S57+T57)*10000 -> 80000
C58: 아이폰17 프로 256G | D58: 0 | E58: =D58 -> 0 | I58: 5 | J58: 3 | K58: =(D58+G58+I58+J58)*10000 -> 80000 | L58: =(E58+G58+I58+J58)*10000 -> 80000 | N58: 0 | O58: =N58 -> 0 | S58: 5 | T58: 3 | U58: =(N58+Q58+S58+T58)*10000 -> 80000 | V58: =(O58+Q58+S58+T58)*10000 -> 80000
C59: 아이폰17 프로맥스 256G | D59: 0 | E59: =D59 -> 0 | I59: 5 | J59: 3 | K59: =(D59+G59+I59+J59)*10000 -> 80000 | L59: =(E59+G59+I59+J59)*10000 -> 80000 | N59: 0 | O59: =N59 -> 0 | S59: 5 | T59: 3 | U59: =(N59+Q59+S59+T59)*10000 -> 80000 | V59: =(O59+Q59+S59+T59)*10000 -> 80000
C60: 아이폰16 128G | D60: 0 | E60: =D60 -> 0 | I60: 5 | J60: 3 | K60: =(D60+G60+I60+J60)*10000 -> 80000 | L60: =(E60+G60+I60+J60)*10000 -> 80000 | N60: 0 | O60: =N60 -> 0 | S60: 5 | T60: 3 | U60: =(N60+Q60+S60+T60)*10000 -> 80000 | V60: =(O60+Q60+S60+T60)*10000 -> 80000
C61: 아이폰16+ 128G | D61: 0 | E61: =D61 -> 0 | I61: 5 | J61: 3 | K61: =(D61+G61+I61+J61)*10000 -> 80000 | L61: =(E61+G61+I61+J61)*10000 -> 80000 | N61: 0 | O61: =N61 -> 0 | U61: =(N61+Q61+S61+T61)*10000 -> 0 | V61: =(O61+Q61+S61+T61)*10000 -> 0
C62: 아이폰16 프로 128G | D62: 0 | E62: =D62 -> 0 | I62: 5 | J62: 3 | K62: =(D62+G62+I62+J62)*10000 -> 80000 | L62: =(E62+G62+I62+J62)*10000 -> 80000 | N62: 0 | O62: =N62 -> 0 | S62: 5 | T62: 3 | U62: =(N62+Q62+S62+T62)*10000 -> 80000 | V62: =(O62+Q62+S62+T62)*10000 -> 80000
C63: 아이폰16 프로맥스 256G | D63: 0 | E63: =D63 -> 0 | I63: 5 | J63: 3 | K63: =(D63+G63+I63+J63)*10000 -> 80000 | L63: =(E63+G63+I63+J63)*10000 -> 80000 | N63: 0 | O63: =N63 -> 0 | S63: 5 | T63: 3 | U63: =(N63+Q63+S63+T63)*10000 -> 80000 | V63: =(O63+Q63+S63+T63)*10000 -> 80000
C64: 갤럭시 S25FE | D64: 0 | E64: =D64 -> 0 | I64: 5 | J64: 3 | K64: =(D64+G64+I64+J64)*10000 -> 80000 | L64: =(E64+G64+I64+J64)*10000 -> 80000 | N64: 0 | O64: =N64 -> 0 | S64: 5 | T64: 3 | U64: =(N64+Q64+S64+T64)*10000 -> 80000 | V64: =(O64+Q64+S64+T64)*10000 -> 80000
D65: 0 | J65: 2 | N65: 0 | O65: =N65 -> 0 | U65: =(N65+Q65+S65+T65)*10000 -> 0 | V65: =(O65+Q65+S65+T65)*10000 -> 0
C66: =C28 -> 갤럭시 A36(61이상) | D66: 0 | E66: =D66 -> 0 | I66: 5 | J66: 3 | K66: =(D66+G66+I66+J66)*10000 -> 80000 | L66: =(E66+G66+I66+J66)*10000 -> 80000 | N66: 0 | O66: =N66 -> 0 | S66: 5 | T66: 3 | U66: =(N66+Q66+S66+T66)*10000 -> 80000 | V66: =(O66+Q66+S66+T66)*10000 -> 80000
C67: 퀀텀4 | D67: 0 | E67: =D67 -> 0 | J67: 2 | K67: =D67+G67+I67+J67 -> 2 | L67: =E67+G67+I67+J67 -> 2 | N67: 0 | O67: =N67 -> 0 | U67: =N67+Q67+S67+T67 -> 0 | V67: =O67+Q67+S67+T67 -> 0
D68: 0 | J68: 2 | K68: =(D68+G68+I68+J68)*10000 -> 20000 | L68: =(E68+G68+I68+J68)*10000 -> 20000 | N68: 0 | U68: =(N68+Q68+S68+T68)*10000 -> 0 | V68: =(O68+Q68+S68+T68)*10000 -> 0
C69: =C31 -> 점프4 M366 (61이상) | D69: 0 | E69: =D69 -> 0 | I69: 5 | J69: 3 | K69: =(D69+G69+I69+J69)*10000 -> 80000 | L69: =(E69+G69+I69+J69)*10000 -> 80000 | N69: 0 | O69: =N69 -> 0 | S69: 5 | T69: 3 | U69: =(N69+Q69+S69+T69)*10000 -> 80000 | V69: =(O69+Q69+S69+T69)*10000 -> 80000
C70: 버디3 | K70: =D70+G70+I70 -> 0 | L70: =E70+G70+I70+J70 -> 0 | U70: =N70+Q70+S70+T70 -> 0 | V70: =O70+Q70+S70+T70 -> 0
C71: 와이드7 | K71: =D71+G71+I71 -> 0 | L71: =E71+G71+I71+J71 -> 0 | U71: =N71+Q71+S71+T71 -> 0 | V71: =O71+Q71+S71+T71 -> 0
K72: =D72+G72+I72 -> 0 | L72: =E72+G72+I72+J72 -> 0 | U72: =N72+Q72+S72+T72 -> 0 | V72: =O72+Q72+S72+T72 -> 0
B73: LTE | C73: 모델명 | D73: 끝단가 | G73: 공통 | K73: 공시 합산 | L73: 선약 합산 | N73: 끝단가 | Q73: 공통 | U73: 공시 합산 | V73: 선약 합산
D74: 공시 | E74: 선약 | G74: 추가 | I74: 부가추가 | J74: 추가정책 | N74: 공시 | O74: 선약 | Q74: 추가 | S74: 부가추가 | T74: 추가정책
C75: 갤럭시 A17 | D75: 0 | E75: =D75 -> 0 | I75: 5 | J75: 3 | K75: =(D75+G75+I75+J75)*10000 -> 80000 | L75: =(E75+G75+I75+J75)*10000 -> 80000 | N75: 0 | O75: =N75 -> 0 | S75: 5 | T75: 3 | U75: =(N75+Q75+S75+T75)*10000 -> 80000 | V75: =(O75+Q75+S75+T75)*10000 -> 80000
C76: 갤럭시 A24 | E76: =D76 -> 0 | J76: 3 | K76: =(D76+G76+I76+J76)*10000 -> 30000 | L76: =(E76+G76+I76+J76)*10000 -> 30000 | O76: =N76 -> 0 | S76: 5 | U76: =(N76+Q76+S76+T76)*10000 -> 50000 | V76: =(O76+Q76+S76+T76)*10000 -> 50000
C77: M120 | E77: =D77 -> 0 | I77: 5 | J77: 3 | K77: =(D77+G77+I77+J77)*10000 -> 80000 | L77: =(E77+G77+I77+J77)*10000 -> 80000 | O77: =N77 -> 0 | U77: =(N77+Q77+S77+T77)*10000 -> 0 | V77: =(O77+Q77+S77+T77)*10000 -> 0
C78: A165K | E78: =D78 -> 0 | J78: 3 | K78: =(D78+G78+I78+J78)*10000 -> 30000 | L78: =(E78+G78+I78+J78)*10000 -> 30000 | O78: =N78 -> 0 | U78: =(N78+Q78+S78+T78)*10000 -> 0 | V78: =(O78+Q78+S78+T78)*10000 -> 0
B80: 5G | C80: KT | D80: 이룸 MNP 합산단가 | N80: 이룸 기변 합산단가
C84: 모델명 | D84: 끝단가 | F84: 선약 | G84: 공통 | K84: 공시 합산 | L84: 선약 합산 | N84: 끝단가 | P84: 선약 | Q84: 공통 | U84: 공시 합산 | V84: 선약 합산
D85: 공시 | E85: 선약 | F85: 유통지원금20이상 | G85: S26얼리추가3번 | I85: 부가추가 | N85: 공시 | O85: 선약 | P85: 유통지원금20이상 | S85: 부가추가
C86: =입력용!C13 -> 갤럭시 Z폴드7 | D86: 48 | E86: =D86 -> 48 | F86: 3 | I86: 6 | K86: =(D86+H86+G86+I86+J86)*10000 -> 540000 | L86: =(E86+F86+G86+I86+J86+H86)*10000 -> 570000 | N86: 54 | O86: =N86 -> 54 | P86: 3 | S86: 6 | U86: =(N86+Q86+S86+T86+R86)*10000 -> 600000 | V86: =(O86+P86+Q86+S86+T86+R86)*10000 -> 630000
C87: =입력용!C14 -> 갤럭시 Z플립7_256G | D87: 48 | E87: =D87 -> 48 | F87: 3 | I87: 6 | K87: =(D87+H87+G87+I87+J87)*10000 -> 540000 | L87: =(E87+F87+G87+I87+J87+H87)*10000 -> 570000 | N87: 54 | O87: =N87 -> 54 | P87: 3 | S87: 6 | U87: =(N87+Q87+S87+T87+R87)*10000 -> 600000 | V87: =(O87+P87+Q87+S87+T87+R87)*10000 -> 630000
C88: =입력용!C15 -> 갤럭시 Z플립7_512G | D88: 48 | E88: =D88 -> 48 | F88: 3 | I88: 6 | K88: =(D88+H88+G88+I88+J88)*10000 -> 540000 | L88: =(E88+F88+G88+I88+J88+H88)*10000 -> 570000 | N88: 54 | O88: =N88 -> 54 | P88: 3 | S88: 6 | U88: =(N88+Q88+S88+T88+R88)*10000 -> 600000 | V88: =(O88+P88+Q88+S88+T88+R88)*10000 -> 630000
C89: 갤럭시 S26_256G | D89: 44 | E89: =D89 -> 44 | F89: 3 | I89: 6 | K89: =(D89+H89+G89+I89+J89)*10000 -> 500000 | L89: =(E89+F89+G89+I89+J89+H89)*10000 -> 530000 | N89: 43 | O89: =N89 -> 43 | P89: 3 | S89: 6 | U89: =(N89+Q89+S89+T89+R89)*10000 -> 490000 | V89: =(O89+P89+Q89+S89+T89+R89)*10000 -> 520000
C90: 갤럭시 S26+_256G | D90: 44 | E90: =D90 -> 44 | F90: 3 | I90: 6 | K90: =(D90+H90+G90+I90+J90)*10000 -> 500000 | L90: =(E90+F90+G90+I90+J90+H90)*10000 -> 530000 | N90: 43 | O90: =N90 -> 43 | P90: 3 | S90: 6 | U90: =(N90+Q90+S90+T90+R90)*10000 -> 490000 | V90: =(O90+P90+Q90+S90+T90+R90)*10000 -> 520000
C91: 갤럭시 S26 울트라_256G | D91: 44 | E91: =D91 -> 44 | F91: 3 | K91: =(D91+H91+G91+I91+J91)*10000 -> 440000 | L91: =(E91+F91+G91+I91+J91+H91)*10000 -> 470000 | N91: 43 | O91: =N91 -> 43 | P91: 3 | U91: =(N91+Q91+S91+T91+R91)*10000 -> 430000 | V91: =(O91+P91+Q91+S91+T91+R91)*10000 -> 460000
C92: =입력용!C19 -> 갤럭시 S25 | D92: 41 | E92: =D92 -> 41 | F92: 3 | I92: 6 | K92: =(D92+H92+G92+I92+J92)*10000 -> 470000 | L92: =(E92+F92+G92+I92+J92+H92)*10000 -> 500000 | N92: 31 | O92: =N92 -> 31 | P92: 3 | S92: 6 | U92: =(N92+Q92+S92+T92+R92)*10000 -> 370000 | V92: =(O92+P92+Q92+S92+T92+R92)*10000 -> 400000
C93: 갤럭시 S25+ | E93: =D93 -> 0 | K93: =(D93+H93+G93+I93+J93)*10000 -> 0 | L93: =(E93+F93+G93+I93+J93+H93)*10000 -> 0 | O93: =N93 -> 0 | U93: =(N93+Q93+S93+T93+R93)*10000 -> 0 | V93: =(O93+P93+Q93+S93+T93+R93)*10000 -> 0
C94: 갤럭시 S25 울트라 | D94: 41 | E94: =D94 -> 41 | F94: 3 | I94: 6 | K94: =(D94+H94+G94+I94+J94)*10000 -> 470000 | L94: =(E94+F94+G94+I94+J94+H94)*10000 -> 500000 | N94: 31 | O94: =N94 -> 31 | P94: 3 | S94: 6 | U94: =(N94+Q94+S94+T94+R94)*10000 -> 370000 | V94: =(O94+P94+Q94+S94+T94+R94)*10000 -> 400000
C95: 갤럭시 S25 엣지 | D95: 50 | E95: =D95 -> 50 | F95: 3 | I95: 6 | K95: =(D95+H95+G95+I95+J95)*10000 -> 560000 | L95: =(E95+F95+G95+I95+J95+H95)*10000 -> 590000 | N95: 57 | O95: =N95 -> 57 | P95: 3 | S95: 6 | U95: =(N95+Q95+S95+T95+R95)*10000 -> 630000 | V95: =(O95+P95+Q95+S95+T95+R95)*10000 -> 660000
C96: 아이폰17 256G | D96: 57 | E96: =D96 -> 57 | F96: 3 | I96: 6 | K96: =(D96+H96+G96+I96+J96)*10000 -> 630000 | L96: =(E96+F96+G96+I96+J96+H96)*10000 -> 660000 | N96: 29 | O96: =N96 -> 29 | P96: 3 | S96: 6 | U96: =(N96+Q96+S96+T96+R96)*10000 -> 350000 | V96: =(O96+P96+Q96+S96+T96+R96)*10000 -> 380000
C97: 아이폰17 에어 256G | D97: 54 | E97: =D97 -> 54 | F97: 3 | I97: 6 | K97: =(D97+H97+G97+I97+J97)*10000 -> 600000 | L97: =(E97+F97+G97+I97+J97+H97)*10000 -> 630000 | N97: 29 | O97: =N97 -> 29 | P97: 3 | S97: 6 | U97: =(N97+Q97+S97+T97+R97)*10000 -> 350000 | V97: =(O97+P97+Q97+S97+T97+R97)*10000 -> 380000
C98: 아이폰17 프로 256G | D98: 54 | E98: =D98 -> 54 | F98: 3 | I98: 6 | K98: =(D98+H98+G98+I98+J98)*10000 -> 600000 | L98: =(E98+F98+G98+I98+J98+H98)*10000 -> 630000 | N98: 29 | O98: =N98 -> 29 | P98: 3 | S98: 6 | U98: =(N98+Q98+S98+T98+R98)*10000 -> 350000 | V98: =(O98+P98+Q98+S98+T98+R98)*10000 -> 380000
C99: 아이폰17 프로맥스 256G | D99: 52 | E99: =D99 -> 52 | F99: 3 | I99: 6 | K99: =(D99+H99+G99+I99+J99)*10000 -> 580000 | L99: =(E99+F99+G99+I99+J99+H99)*10000 -> 610000 | N99: 24 | O99: =N99 -> 24 | P99: 3 | S99: 6 | U99: =(N99+Q99+S99+T99+R99)*10000 -> 300000 | V99: =(O99+P99+Q99+S99+T99+R99)*10000 -> 330000
C100: 아이폰16 128G | E100: =D100 -> 0 | F100: 3 | I100: 6 | K100: =(D100+H100+G100+I100+J100)*10000 -> 60000 | L100: =(E100+F100+G100+I100+J100+H100)*10000 -> 90000 | O100: =N100 -> 0 | P100: 3 | S100: 6 | U100: =(N100+Q100+S100+T100+R100)*10000 -> 60000 | V100: =(O100+P100+Q100+S100+T100+R100)*10000 -> 90000
C101: 아이폰16+ 128G | E101: =D101 -> 0 | K101: =(D101+H101+G101+I101+J101)*10000 -> 0 | L101: =(E101+F101+G101+I101+J101+H101)*10000 -> 0 | O101: =N101 -> 0 | U101: =(N101+Q101+S101+T101+R101)*10000 -> 0 | V101: =(O101+P101+Q101+S101+T101+R101)*10000 -> 0
C102: 아이폰16 프로 128G | E102: =D102 -> 0 | F102: 3 | I102: 6 | K102: =(D102+H102+G102+I102+J102)*10000 -> 60000 | L102: =(E102+F102+G102+I102+J102+H102)*10000 -> 90000 | O102: =N102 -> 0 | U102: =(N102+Q102+S102+T102+R102)*10000 -> 0 | V102: =(O102+P102+Q102+S102+T102+R102)*10000 -> 0
C103: 아이폰16 프로맥스 256G | E103: =D103 -> 0 | F103: 3 | I103: 6 | K103: =(D103+H103+G103+I103+J103)*10000 -> 60000 | L103: =(E103+F103+G103+I103+J103+H103)*10000 -> 90000 | O103: =N103 -> 0 | U103: =(N103+Q103+S103+T103+R103)*10000 -> 0 | V103: =(O103+P103+Q103+S103+T103+R103)*10000 -> 0
C104: 갤럭시 S25FE | D104: 39 | E104: =D104 -> 39 | F104: 3 | I104: 6 | K104: =(D104+H104+G104+I104+J104)*10000 -> 450000 | L104: =(E104+F104+G104+I104+J104+H104)*10000 -> 480000 | N104: 36 | O104: =N104 -> 36 | P104: 3 | S104: 6 | U104: =(N104+Q104+S104+T104+R104)*10000 -> 420000 | V104: =(O104+P104+Q104+S104+T104+R104)*10000 -> 450000
C105: =C27 -> 0 | F105: 2 | K105: =(D105+H105+G105+I105+J105)*10000 -> 0 | L105: =(E105+F105+G105+I105+J105+H105)*10000 -> 20000 | O105: =N105 -> 0 | P105: 2 | U105: =(N105+Q105+S105+T105+R105)*10000 -> 0 | V105: =(O105+P105+Q105+S105+T105+R105)*10000 -> 20000
C106: =C28 -> 갤럭시 A36(61이상) | D106: 38 | E106: =D106 -> 38 | F106: 3 | I106: 6 | K106: =(D106+H106+G106+I106+J106)*10000 -> 440000 | L106: =(E106+F106+G106+I106+J106+H106)*10000 -> 470000 | N106: 26 | O106: =N106 -> 26 | P106: 3 | S106: 6 | U106: =(N106+Q106+S106+T106+R106)*10000 -> 320000 | V106: =(O106+P106+Q106+S106+T106+R106)*10000 -> 350000
C107: 퀀텀4 | E107: =D107 -> 0 | F107: 2 | K107: =(D107+H107+G107+I107+J107)*10000 -> 0 | L107: =(E107+F107+G107+I107+J107+H107)*10000 -> 20000 | O107: =N107 -> 0 | U107: =(N107+Q107+S107+T107+R107)*10000 -> 0 | V107: =(O107+P107+Q107+S107+T107+R107)*10000 -> 0
F108: 2 | K108: =(D108+H108+G108+I108+J108)*10000 -> 0 | L108: =(E108+F108+G108+I108+J108+H108)*10000 -> 20000 | U108: =(N108+Q108+S108+T108+R108)*10000 -> 0 | V108: =(O108+P108+Q108+S108+T108+R108)*10000 -> 0
C109: =C31 -> 점프4 M366 (61이상) | D109: 50 | E109: =D109 -> 50 | F109: 3 | I109: 6 | K109: =(D109+H109+G109+I109+J109)*10000 -> 560000 | L109: =(E109+F109+G109+I109+J109+H109)*10000 -> 590000 | N109: 28 | O109: =N109 -> 28 | P109: 3 | S109: 6 | U109: =(N109+Q109+S109+T109+R109)*10000 -> 340000 | V109: =(O109+P109+Q109+S109+T109+R109)*10000 -> 370000
C110: 버디3 | E110: =D110 -> 0 | K110: =(D110+G110+I110+J110)*10000 -> 0 | L110: =(E110+G110+I110+J110)*10000 -> 0 | S110: 8 | U110: =(N110+Q110+S110+T110)*10000 -> 80000 | V110: =(O110+Q110+S110+T110)*10000 -> 80000
C111: 와이드7 | K111: =(D111+G111+I111+J111)*10000 -> 0 | L111: =(E111+G111+I111+J111)*10000 -> 0 | U111: =(N111+Q111+S111+T111)*10000 -> 0 | V111: =(O111+Q111+S111+T111)*10000 -> 0
K112: =(D112+G112+I112+J112)*10000 -> 0 | L112: =(E112+G112+I112+J112)*10000 -> 0 | U112: =(N112+Q112+S112+T112)*10000 -> 0 | V112: =(O112+Q112+S112+T112)*10000 -> 0
...

Sheet LG 합산단가입력
B2: 5G | C2: LG | D2: 마라톤 MNP 합산단가 | O2: 마라톤 기변 합산단가 | Y2: LG | Z2: MNP | AG2: 기변
Z4: 공시 | AC4: 선약 | AG4: 공시 | AJ4: 선약
C6: 모델명 | D6: 끝단가 | F6: 공통 | L6: 공시 합산 | M6: 선약 합산 | O6: 끝단가 | Q6: 공통 | V6: 공시 합산 | W6: 선약 합산 | Y6: 모델명 | Z6: 마라톤 | AA6: 골드 | AB6: 충청 | AC6: 마라톤 | AD6: 골드 | AE6: 충청 | AG6: 마라톤 | AH6: 골드 | AI6: 충청 | AJ6: 마라톤 | AK6: 골드 | AL6: 충청
D7: 공시 | E7: 선약 | F7: 유통망지원금20이상 | H7: 13시이후 | I7: 담당정책 | J7: 777연합 | K7: 부가추가 | O7: 공시 | P7: 선약 | Q7: 유통망지원금20이상 | R7: S26사예얼리 | S7: 담당정책 | T7: 777연합 | U7: 부가추가
C8: =입력용!C13 -> 갤럭시 Z폴드7 | D8: 53 | E8: =SUM(D8-1-6) -> 46 | F8: 3 | J8: 5 | K8: 6 | L8: =(D8+F8+G8+H8+J8+K8+I8)*10000 -> 670000 | M8: =(E8+F8+G8+H8+J8+K8+I8)*10000 -> 600000 | O8: 60 | P8: =SUM(O8-1) -> 59 | Q8: 3 | T8: 5 | U8: 6 | V8: =(O8+Q8+R8+T8+U8+S8)*10000 -> 740000 | W8: =(P8+Q8+R8+T8+U8+S8)*10000 -> 730000 | Y8: =C8 -> 갤럭시 Z폴드7 | Z8: =L8 -> 670000 | AA8: =L48 -> 110000 | AB8: =L88 -> 690000 | AC8: =M8 -> 600000 | AD8: =M48 -> 50000 | AE8: =M88 -> 630000 | AG8: =V8 -> 740000 | AH8: =V48 -> 130000 | AI8: =V88 -> 750000 | AJ8: =W8 -> 730000 | AK8: =W48 -> 120000 | AL8: =W88 -> 750000
C9: =입력용!C14 -> 갤럭시 Z플립7_256G | D9: 58 | E9: =SUM(D9-1-6) -> 51 | F9: 3 | J9: 5 | K9: 6 | L9: =(D9+F9+G9+H9+J9+K9+I9)*10000 -> 720000 | M9: =(E9+F9+G9+H9+J9+K9+I9)*10000 -> 650000 | O9: 63 | P9: =SUM(O9-1) -> 62 | Q9: 3 | T9: 5 | U9: 6 | V9: =(O9+Q9+R9+T9+U9+S9)*10000 -> 770000 | W9: =(P9+Q9+R9+T9+U9+S9)*10000 -> 760000 | Y9: =C9 -> 갤럭시 Z플립7_256G | Z9: =L9 -> 720000 | AA9: =L49 -> 690000 | AB9: =L89 -> 690000 | AC9: =M9 -> 650000 | AD9: =M49 -> 630000 | AE9: =M89 -> 630000 | AG9: =V9 -> 770000 | AH9: =V49 -> 730000 | AI9: =V89 -> 770000 | AJ9: =W9 -> 760000 | AK9: =W49 -> 720000 | AL9: =W89 -> 770000
C10: =입력용!C15 -> 갤럭시 Z플립7_512G | E10: =SUM(D10-1-6) -> -7 | F10: 3 | J10: 5 | K10: 6 | L10: =(D10+F10+G10+H10+J10+K10+I10)*10000 -> 140000 | M10: =(E10+F10+G10+H10+J10+K10+I10)*10000 -> 70000 | P10: =SUM(O10-1) -> -1 | Q10: 3 | V10: =(O10+Q10+R10+T10+U10+S10)*10000 -> 30000 | W10: =(P10+Q10+R10+T10+U10+S10)*10000 -> 20000 | Y10: =C10 -> 갤럭시 Z플립7_512G | Z10: =L10 -> 140000 | AA10: =L50 -> 0 | AB10: =L90 -> 90000 | AC10: =M10 -> 70000 | AD10: =M50 -> -60000 | AE10: =M90 -> 30000 | AG10: =V10 -> 30000 | AH10: =V50 -> 0 | AI10: =V90 -> 90000 | AJ10: =W10 -> 20000 | AK10: =W50 -> 0 | AL10: =W90 -> 90000
C11: 갤럭시 S26_256G | D11: 43 | E11: =SUM(D11-1) -> 42 | F11: 3 | J11: 5 | K11: 11 | L11: =(D11+F11+G11+H11+J11+K11+I11)*10000 -> 620000 | M11: =(E11+F11+G11+H11+J11+K11+I11)*10000 -> 610000 | O11: 49 | P11: =SUM(O11-1) -> 48 | Q11: 3 | T11: 5 | U11: 11 | V11: =(O11+Q11+R11+T11+U11+S11)*10000 -> 680000 | W11: =(P11+Q11+R11+T11+U11+S11)*10000 -> 670000 | Y11: 갤럭시 S26_256G | Z11: =L11 -> 620000 | AA11: =L51 -> 580000 | AB11: =L91 -> 600000 | AC11: =M11 -> 610000 | AD11: =M51 -> 570000 | AE11: =M91 -> 600000 | AG11: =V11 -> 680000 | AH11: =V51 -> 620000 | AI11: =V91 -> 640000 | AJ11: =W11 -> 670000 | AK11: =W51 -> 610000 | AL11: =W91 -> 640000
C12: 갤럭시 S26+_256G | D12: 43 | E12: =SUM(D12-1) -> 42 | F12: 3 | J12: 5 | K12: 11 | L12: =(D12+F12+G12+H12+J12+K12+I12)*10000 -> 620000 | M12: =(E12+F12+G12+H12+J12+K12+I12)*10000 -> 610000 | O12: 49 | P12: =SUM(O12-1) -> 48 | Q12: 3 | T12: 5 | U12: 11 | V12: =(O12+Q12+R12+T12+U12+S12)*10000 -> 680000 | W12: =(P12+Q12+R12+T12+U12+S12)*10000 -> 670000 | Y12: 갤럭시 S26+_256G | Z12: =L12 -> 620000 | AA12: =L52 -> 580000 | AB12: =L92 -> 600000 | AC12: =M12 -> 610000 | AD12: =M52 -> 570000 | AE12: =M92 -> 600000 | AG12: =V12 -> 680000 | AH12: =V52 -> 620000 | AI12: =V92 -> 640000 | AJ12: =W12 -> 670000 | AK12: =W52 -> 610000 | AL12: =W92 -> 640000
C13: 갤럭시 S26 울트라_256G | D13: 43 | E13: =SUM(D13-1) -> 42 | F13: 3 | J13: 5 | K13: 11 | L13: =(D13+F13+G13+H13+J13+K13+I13)*10000 -> 620000 | M13: =(E13+F13+G13+H13+J13+K13+I13)*10000 -> 610000 | O13: 49 | P13: =SUM(O13-1) -> 48 | Q13: 3 | T13: 5 | U13: 11 | V13: =(O13+Q13+R13+T13+U13+S13)*10000 -> 680000 | W13: =(P13+Q13+R13+T13+U13+S13)*10000 -> 670000 | Y13: 갤럭시 S26 울트라_256G | Z13: =L13 -> 620000 | AA13: =L53 -> 580000 | AB13: =L93 -> 600000 | AC13: =M13 -> 610000 | AD13: =M53 -> 570000 | AE13: =M93 -> 600000 | AG13: =V13 -> 680000 | AH13: =V53 -> 620000 | AI13: =V93 -> 640000 | AJ13: =W13 -> 670000 | AK13: =W53 -> 610000 | AL13: =W93 -> 640000
C14: =입력용!C19 -> 갤럭시 S25 | D14: 42 | E14: =SUM(D14-1) -> 41 | F14: 3 | J14: 5 | K14: 6 | L14: =(D14+F14+G14+H14+J14+K14+I14)*10000 -> 560000 | M14: =(E14+F14+G14+H14+J14+K14+I14)*10000 -> 550000 | O14: 33 | P14: =SUM(O14-1) -> 32 | Q14: 3 | T14: 5 | U14: 6 | V14: =(O14+Q14+R14+T14+U14+S14)*10000 -> 470000 | W14: =(P14+Q14+R14+T14+U14+S14)*10000 -> 460000 | Y14: 갤럭시 S25 | Z14: =L14 -> 560000 | AA14: =L54 -> 550000 | AB14: =L94 -> 590000 | AC14: =M14 -> 550000 | AD14: =M54 -> 540000 | AE14: =M94 -> 590000 | AG14: =V14 -> 470000 | AH14: =V54 -> 490000 | AI14: =V94 -> 630000 | AJ14: =W14 -> 460000 | AK14: =W54 -> 480000 | AL14: =W94 -> 630000
C15: 갤럭시 S25+ | E15: =SUM(D15-1) -> -1 | J15: 5 | K15: 6 | L15: =(D15+F15+G15+H15+J15+K15+I15)*10000 -> 110000 | M15: =(E15+F15+G15+H15+J15+K15+I15)*10000 -> 100000 | P15: =SUM(O15-1) -> -1 | V15: =(O15+Q15+R15+T15+U15+S15)*10000 -> 0 | W15: =(P15+Q15+R15+T15+U15+S15)*10000 -> -10000 | Y15: 갤럭시 S25+ | Z15: =L15 -> 110000 | AA15: =L55 -> 60000 | AB15: =L95 -> 0 | AC15: =M15 -> 100000 | AD15: =M55 -> 50000 | AE15: =M95 -> 0 | AG15: =V15 -> 0 | AH15: =V55 -> 110000 | AI15: =V95 -> 0 | AJ15: =W15 -> -10000 | AK15: =W55 -> 100000 | AL15: =W95 -> 0
C16: 갤럭시 S25 울트라 | D16: 41 | E16: =SUM(D16-1) -> 40 | F16: 3 | J16: 5 | K16: 6 | L16: =(D16+F16+G16+H16+J16+K16+I16)*10000 -> 550000 | M16: =(E16+F16+G16+H16+J16+K16+I16)*10000 -> 540000 | O16: 28 | P16: =SUM(O16-1) -> 27 | Q16: 3 | T16: 5 | U16: 6 | V16: =(O16+Q16+R16+T16+U16+S16)*10000 -> 420000 | W16: =(P16+Q16+R16+T16+U16+S16)*10000 -> 410000 | Y16: 갤럭시 S25 울트라 | Z16: =L16 -> 550000 | AA16: =L56 -> 350000 | AB16: =L96 -> 0 | AC16: =M16 -> 540000 | AD16: =M56 -> 340000 | AE16: =M96 -> 0 | AG16: =V16 -> 420000 | AH16: =V56 -> 370000 | AI16: =V96 -> 0 | AJ16: =W16 -> 410000 | AK16: =W56 -> 360000 | AL16: =W96 -> 0
C17: 갤럭시 S25 엣지 | D17: 52 | E17: =SUM(D17-1-6) -> 45 | F17: 3 | L17: =(D17+F17+G17+H17+J17+K17+I17)*10000 -> 550000 | M17: =(E17+F17+G17+H17+J17+K17+I17)*10000 -> 480000 | O17: 53 | P17: =SUM(O17-1) -> 52 | Q17: 3 | T17: 5 | U17: 6 | V17: =(O17+Q17+R17+T17+U17+S17)*10000 -> 670000 | W17: =(P17+Q17+R17+T17+U17+S17)*10000 -> 660000 | Y17: =C17 -> 갤럭시 S25 엣지 | Z17: =L17 -> 550000 | AA17: =L57 -> 620000 | AB17: =L97 -> 650000 | AC17: =M17 -> 480000 | AD17: =M57 -> 560000 | AE17: =M97 -> 650000 | AG17: =V17 -> 670000 | AH17: =V57 -> 650000 | AI17: =V97 -> 690000 | AJ17: =W17 -> 660000 | AK17: =W57 -> 640000 | AL17: =W97 -> 690000
C18: 아이폰17 256G | D18: 65 | E18: =SUM(D18-1) -> 64 | F18: 3 | J18: 5 | K18: 6 | L18: =(D18+F18+G18+H18+J18+K18+I18)*10000 -> 790000 | M18: =(E18+F18+G18+H18+J18+K18+I18)*10000 -> 780000 | O18: 33 | P18: =SUM(O18-1) -> 32 | Q18: 3 | T18: 5 | U18: 6 | V18: =(O18+Q18+R18+T18+U18+S18)*10000 -> 470000 | W18: =(P18+Q18+R18+T18+U18+S18)*10000 -> 460000 | Y18: =C18 -> 아이폰17 256G | Z18: =L18 -> 790000 | AA18: =L58 -> 780000 | AB18: =L98 -> 770000 | AC18: =M18 -> 780000 | AD18: =M58 -> 770000 | AE18: =M98 -> 770000 | AG18: =V18 -> 470000 | AH18: =V58 -> 450000 | AI18: =V98 -> 470000 | AJ18: =W18 -> 460000 | AK18: =W58 -> 440000 | AL18: =W98 -> 470000
C19: 아이폰17 에어 256G | D19: 65 | E19: =SUM(D19-1) -> 64 | F19: 3 | J19: 5 | K19: 6 | L19: =(D19+F19+G19+H19+J19+K19+I19)*10000 -> 790000 | M19: =(E19+F19+G19+H19+J19+K19+I19)*10000 -> 780000 | O19: 33 | P19: =SUM(O19-1) -> 32 | Q19: 3 | T19: 5 | U19: 6 | V19: =(O19+Q19+R19+T19+U19+S19)*10000 -> 470000 | W19: =(P19+Q19+R19+T19+U19+S19)*10000 -> 460000 | Y19: =C19 -> 아이폰17 에어 256G | Z19: =L19 -> 790000 | AA19: =L59 -> 760000 | AB19: =L99 -> 770000 | AC19: =M19 -> 780000 | AD19: =M59 -> 750000 | AE19: =M99 -> 770000 | AG19: =V19 -> 470000 | AH19: =V59 -> 430000 | AI19: =V99 -> 470000 | AJ19: =W19 -> 460000 | AK19: =W59 -> 420000 | AL19: =W99 -> 470000
C20: 아이폰17 프로 256G | D20: 58 | E20: =SUM(D20-1) -> 57 | F20: 3 | J20: 5 | K20: 6 | L20: =(D20+F20+G20+H20+J20+K20+I20)*10000 -> 720000 | M20: =(E20+F20+G20+H20+J20+K20+I20)*10000 -> 710000 | O20: 29 | P20: =SUM(O20-1) -> 28 | Q20: 3 | T20: 5 | U20: 6 | V20: =(O20+Q20+R20+T20+U20+S20)*10000 -> 430000 | W20: =(P20+Q20+R20+T20+U20+S20)*10000 -> 420000 | Y20: =C20 -> 아이폰17 프로 256G | Z20: =L20 -> 720000 | AA20: =L60 -> 740000 | AB20: =L100 -> 690000 | AC20: =M20 -> 710000 | AD20: =M60 -> 730000 | AE20: =M100 -> 690000 | AG20: =V20 -> 430000 | AH20: =V60 -> 410000 | AI20: =V100 -> 420000 | AJ20: =W20 -> 420000 | AK20: =W60 -> 400000 | AL20: =W100 -> 420000
C21: 아이폰17 프로맥스 256G | D21: 58 | E21: =SUM(D21-1) -> 57 | F21: 3 | J21: 5 | K21: 6 | L21: =(D21+F21+G21+H21+J21+K21+I21)*10000 -> 720000 | M21: =(E21+F21+G21+H21+J21+K21+I21)*10000 -> 710000 | O21: 29 | P21: =SUM(O21-1) -> 28 | Q21: 3 | T21: 5 | U21: 6 | V21: =(O21+Q21+R21+T21+U21+S21)*10000 -> 430000 | W21: =(P21+Q21+R21+T21+U21+S21)*10000 -> 420000 | Y21: =C21 -> 아이폰17 프로맥스 256G | Z21: =L21 -> 720000 | AA21: =L61 -> 700000 | AB21: =L101 -> 690000 | AC21: =M21 -> 710000 | AD21: =M61 -> 690000 | AE21: =M101 -> 690000 | AG21: =V21 -> 430000 | AH21: =V61 -> 370000 | AI21: =V101 -> 420000 | AJ21: =W21 -> 420000 | AK21: =W61 -> 360000 | AL21: =W101 -> 420000
C22: 아이폰16 128G | E22: =SUM(D22-1-6) -> -7 | J22: 5 | K22: 6 | L22: =(D22+F22+G22+H22+J22+K22+I22)*10000 -> 110000 | M22: =(E22+F22+G22+H22+J22+K22+I22)*10000 -> 40000 | P22: =SUM(O22-1) -> -1 | V22: =(O22+Q22+R22+T22+U22+S22)*10000 -> 0 | W22: =(P22+Q22+R22+T22+U22+S22)*10000 -> -10000 | Y22: =C22 -> 아이폰16 128G | Z22: =L22 -> 110000 | AA22: =L62 -> 90000 | AB22: =L102 -> 60000 | AC22: =M22 -> 40000 | AD22: =M62 -> 30000 | AE22: =M102 -> 0 | AG22: =V22 -> 0 | AH22: =V62 -> 0 | AI22: =V102 -> 0 | AJ22: =W22 -> -10000 | AK22: =W62 -> -10000 | AL22: =W102 -> 0
C23: 아이폰16+ 128G | D23: 0 | E23: =SUM(D23-1-6) -> -7 | J23: 0 | K23: 0 | L23: =(D23+F23+G23+H23+J23+K23+I23)*10000 -> 0 | M23: =(E23+F23+G23+H23+J23+K23+I23)*10000 -> -70000 | O23: 0 | P23: =SUM(O23-1) -> -1 | T23: 0 | U23: 0 | V23: =(O23+Q23+R23+T23+U23+S23)*10000 -> 0 | W23: =(P23+Q23+R23+T23+U23+S23)*10000 -> -10000 | Y23: =C23 -> 아이폰16+ 128G | Z23: =L23 -> 0 | AA23: =L63 -> 90000 | AB23: =L103 -> 60000 | AC23: =M23 -> -70000 | AD23: =M63 -> 30000 | AE23: =M103 -> 0 | AG23: =V23 -> 0 | AH23: =V63 -> 0 | AI23: =V103 -> 0 | AJ23: =W23 -> -10000 | AK23: =W63 -> -10000 | AL23: =W103 -> 0
C24: 아이폰16 프로 128G | E24: =SUM(D24-1-6) -> -7 | J24: 5 | K24: 6 | L24: =(D24+F24+G24+H24+J24+K24+I24)*10000 -> 110000 | M24: =(E24+F24+G24+H24+J24+K24+I24)*10000 -> 40000 | P24: =SUM(O24-1) -> -1 | V24: =(O24+Q24+R24+T24+U24+S24)*10000 -> 0 | W24: =(P24+Q24+R24+T24+U24+S24)*10000 -> -10000 | Y24: =C24 -> 아이폰16 프로 128G | Z24: =L24 -> 110000 | AA24: =L64 -> 90000 | AB24: =L104 -> 60000 | AC24: =M24 -> 40000 | AD24: =M64 -> 30000 | AE24: =M104 -> 0 | AG24: =V24 -> 0 | AH24: =V64 -> 0 | AI24: =V104 -> 0 | AJ24: =W24 -> -10000 | AK24: =W64 -> -10000 | AL24: =W104 -> 0
C25: 아이폰16 프로맥스 256G | E25: =SUM(D25-1-6) -> -7 | J25: 5 | K25: 6 | L25: =(D25+F25+G25+H25+J25+K25+I25)*10000 -> 110000 | M25: =(E25+F25+G25+H25+J25+K25+I25)*10000 -> 40000 | P25: =SUM(O25-1) -> -1 | V25: =(O25+Q25+R25+T25+U25+S25)*10000 -> 0 | W25: =(P25+Q25+R25+T25+U25+S25)*10000 -> -10000 | Y25: =C25 -> 아이폰16 프로맥스 256G | Z25: =L25 -> 110000 | AA25: =L65 -> 90000 | AB25: =L105 -> 60000 | AC25: =M25 -> 40000 | AD25: =M65 -> 30000 | AE25: =M105 -> 0 | AG25: =V25 -> 0 | AH25: =V65 -> 0 | AI25: =V105 -> 0 | AJ25: =W25 -> -10000 | AK25: =W65 -> -10000 | AL25: =W105 -> 0
C26: 갤럭시 S25FE | D26: 59 | E26: =SUM(D26-1-6) -> 52 | F26: 3 | L26: =(D26+F26+G26+H26+J26+K26+I26)*10000 -> 620000 | M26: =(E26+F26+G26+H26+J26+K26+I26)*10000 -> 550000 | O26: 23 | P26: =SUM(O26-1) -> 22 | Q26: 3 | T26: 5 | U26: 6 | V26: =(O26+Q26+R26+T26+U26+S26)*10000 -> 370000 | W26: =(P26+Q26+R26+T26+U26+S26)*10000 -> 360000 | Y26: =C26 -> 갤럭시 S25FE | Z26: =L26 -> 620000 | AA26: =L66 -> 720000 | AB26: =L106 -> 630000 | AC26: =M26 -> 550000 | AD26: =M66 -> 710000 | AE26: =M106 -> 570000 | AG26: =V26 -> 370000 | AH26: =V66 -> 420000 | AI26: =V106 -> 390000 | AJ26: =W26 -> 360000 | AK26: =W66 -> 410000 | AL26: =W106 -> 390000
L27: =(D27+F27+G27+H27+J27+K27+I27)*10000 -> 0 | M27: =(E27+F27+G27+H27+J27+K27+I27)*10000 -> 0 | P27: =SUM(O27-1-3) -> -4 | V27: =(O27+Q27+R27+T27+U27+S27)*10000 -> 0 | W27: =(P27+Q27+R27+T27+U27+S27)*10000 -> -40000 | Y27: =C27 -> 0 | Z27: =L27 -> 0 | AA27: =L67 -> 0 | AB27: =L107 -> 60000 | AC27: =M27 -> 0 | AD27: =M67 -> -40000 | AE27: =M107 -> 30000 | AG27: =V27 -> 0 | AH27: =V67 -> 0 | AI27: =V107 -> 60000 | AJ27: =W27 -> -40000 | AK27: =W67 -> -40000 | AL27: =W107 -> 30000
C28: 갤럭시 A34 5G | L28: =(D28+F28+G28+H28+J28+K28+I28)*10000 -> 0 | M28: =(E28+F28+G28+H28+J28+K28+I28)*10000 -> 0 | P28: =SUM(O28-1-3) -> -4 | V28: =(O28+Q28+R28+T28+U28+S28)*10000 -> 0 | W28: =(P28+Q28+R28+T28+U28+S28)*10000 -> -40000 | Y28: =C28 -> 갤럭시 A34 5G | Z28: =L28 -> 0 | AA28: =L68 -> 0 | AB28: =L108 -> 60000 | AC28: =M28 -> 0 | AD28: =M68 -> -40000 | AE28: =M108 -> 30000 | AG28: =V28 -> 0 | AH28: =V68 -> 0 | AI28: =V108 -> 60000 | AJ28: =W28 -> -40000 | AK28: =W68 -> -40000 | AL28: =W108 -> 30000
C29: 퀀텀4 | L29: =(D29+F29+G29+H29+J29+K29+I29)*10000 -> 0 | M29: =(E29+F29+G29+H29+J29+K29+I29)*10000 -> 0 | P29: =SUM(O29-1-3) -> -4 | V29: =(O29+Q29+R29+T29+U29+S29)*10000 -> 0 | W29: =(P29+Q29+R29+T29+U29+S29)*10000 -> -40000 | Y29: =C29 -> 퀀텀4 | Z29: =L29 -> 0 | AA29: =L69 -> 0 | AB29: =L109 -> 60000 | AC29: =M29 -> 0 | AD29: =M69 -> -40000 | AE29: =M109 -> 30000 | AG29: =V29 -> 0 | AH29: =V69 -> 0 | AI29: =V109 -> 60000 | AJ29: =W29 -> -40000 | AK29: =W69 -> -40000 | AL29: =W109 -> 30000
C30: 점프3 | L30: =(D30+F30+G30+H30+J30+K30+I30)*10000 -> 0 | M30: =(E30+F30+G30+H30+J30+K30+I30)*10000 -> 0 | P30: =SUM(O30-1-3) -> -4 | V30: =(O30+Q30+R30+T30+U30+S30)*10000 -> 0 | W30: =(P30+Q30+R30+T30+U30+S30)*10000 -> -40000 | Y30: =C30 -> 점프3 | Z30: =L30 -> 0 | AA30: =L70 -> 0 | AB30: =L110 -> 60000 | AC30: =M30 -> 0 | AD30: =M70 -> -40000 | AE30: =M110 -> 30000 | AG30: =V30 -> 0 | AH30: =V70 -> 0 | AI30: =V110 -> 60000 | AJ30: =W30 -> -40000 | AK30: =W70 -> -40000 | AL30: =W110 -> 30000
C31: 갤럭시 A25 5G | L31: =(D31+F31+G31+H31+J31+K31+I31)*10000 -> 0 | M31: =(E31+F31+G31+H31+J31+K31+I31)*10000 -> 0 | P31: =SUM(O31-1-3) -> -4 | V31: =(O31+Q31+R31+T31+U31+S31)*10000 -> 0 | W31: =(P31+Q31+R31+T31+U31+S31)*10000 -> -40000 | Y31: =C31 -> 갤럭시 A25 5G | Z31: =L31 -> 0 | AA31: =L71 -> 0 | AB31: =L111 -> 60000 | AC31: =M31 -> 0 | AD31: =M71 -> -40000 | AE31: =M111 -> 30000 | AG31: =V31 -> 0 | AH31: =V71 -> 0 | AI31: =V111 -> 60000 | AJ31: =W31 -> -40000 | AK31: =W71 -> -40000 | AL31: =W111 -> 30000
C32: 버디4 (5G심플+) | D32: 48 | E32: =SUM(D32-1-6) -> 41 | K32: 6 | L32: =(D32+F32+G32+H32+J32+K32+I32)*10000 -> 540000 | M32: =(E32+F32+G32+H32+J32+K32+I32)*10000 -> 470000 | O32: 9 | P32: =SUM(O32-1) -> 8 | T32: 5 | U32: 6 | V32: =(O32+Q32+R32+T32+U32+S32)*10000 -> 200000 | W32: =(P32+Q32+R32+T32+U32+S32)*10000 -> 190000 | Y32: =C32 -> 버디4 (5G심플+) | Z32: =L32 -> 540000 | AA32: =L72 -> 520000 | AB32: =L112 -> 560000 | AC32: =M32 -> 470000 | AD32: =M72 -> 460000 | AE32: =M112 -> 500000 | AG32: =V32 -> 200000 | AH32: =V72 -> 200000 | AI32: =V112 -> 230000 | AJ32: =W32 -> 190000 | AK32: =W72 -> 190000 | AL32: =W112 -> 230000
C33: 와이드7 | L33: =(D33+F33+G33+H33+J33+K33)*10000 -> 0 | M33: =(E33+F33+G33+J33+K33)*10000 -> 0 | V33: =(O33+Q33+R33+T33+U33)*10000 -> 0 | W33: =(P33+Q33+R33+T33+U33)*10000 -> 0 | Y33: =C33 -> 와이드7 | Z33: =L33 -> 0 | AA33: =L73 -> 0 | AB33: =L113 -> 0 | AC33: =M33 -> 0 | AD33: =M73 -> 0 | AE33: =M113 -> -3 | AG33: =V33 -> 0 | AH33: =V73 -> 0 | AI33: =V113 -> 0 | AJ33: =W33 -> 0 | AK33: =W73 -> 0 | AL33: =W113 -> 0
L34: =(D34+F34+G34+H34+J34+K34)*10000 -> 0 | M34: =(E34+F34+G34+J34+K34)*10000 -> 0 | V34: =(O34+Q34+R34+T34+U34)*10000 -> 0 | W34: =(P34+Q34+R34+T34+U34)*10000 -> 0 | Y34: =C34 -> 0 | Z34: =L34 -> 0 | AA34: =L74 -> 0 | AB34: =L114 -> 0 | AC34: =M34 -> 0 | AD34: =M74 -> 0 | AE34: =M114 -> -3 | AH34: =V74 -> 0 | AI34: =V114 -> 0 | AJ34: =W34 -> 0 | AK34: =W74 -> 0 | AL34: =W114 -> 0
B35: LTE | C35: 모델명 | D35: 끝단가 | F35: 공통 | L35: 공시 합산 | M35: 선약 합산 | O35: 끝단가 | Q35: 공통 | V35: 공시 합산 | W35: 선약 합산 | Y35: 모델명 | Z35: 마라톤 | AA35: 골드 | AB35: 충청 | AC35: 마라톤 | AD35: 골드 | AE35: 충청 | AG35: 마라톤 | AH35: 골드 | AI35: 충청 | AJ35: 마라톤 | AK35: 골드 | AL35: 충청
D36: 공시 | E36: 선약 | K36: 부가추가 | O36: 공시 | P36: 선약 | R36: 777연합 | U36: 부가추가
C37: 갤럭시 A17 | L37: =(D37+F37+G37+J37+K37)*10000 -> 0 | M37: =(E37+F37+G37+H37+J37+K37+I37)*10000 -> 0 | V37: =(O37+Q37+R37+T37+U37)*10000 -> 0 | W37: =(P37+Q37+R37+T37+U37)*10000 -> 0 | Y37: =C37 -> 갤럭시 A17 | Z37: =L37 -> 0 | AA37: =L77 -> 0 | AB37: =L117 -> 0 | AC37: =M37 -> 0 | AD37: =M77 -> 0 | AE37: =M117 -> 0 | AG37: =V37 -> 0 | AH37: =V77 -> 0 | AI37: =V117 -> 0 | AJ37: =W37 -> 0 | AK37: =W77 -> 0 | AL37: =W117 -> 0
C38: 갤럭시 A24 | L38: =(D38+F38+G38+J38+K38)*10000 -> 0 | M38: =(E38+F38+G38+H38+J38+K38+I38)*10000 -> 0 | V38: =(O38+Q38+R38+T38+U38)*10000 -> 0 | W38: =(P38+Q38+R38+T38+U38)*10000 -> 0 | Y38: =C38 -> 갤럭시 A24 | Z38: =L38 -> 0 | AA38: =L78 -> 0 | AB38: =L118 -> 0 | AC38: =M38 -> 0 | AD38: =M78 -> 0 | AE38: =M118 -> 0 | AG38: =V38 -> 0 | AH38: =V78 -> 0 | AI38: =V118 -> 0 | AJ38: =W38 -> 0 | AK38: =W78 -> 0 | AL38: =W118 -> 0
C39: M140 | L39: =(D39+F39+G39+J39+K39)*10000 -> 0 | M39: =(E39+F39+G39+H39+J39+K39+I39)*10000 -> 0 | V39: =(O39+Q39+R39+T39+U39)*10000 -> 0 | W39: =(P39+Q39+R39+T39+U39)*10000 -> 0 | Y39: =C39 -> M140 | Z39: =L39 -> 0 | AA39: =L79 -> 0 | AB39: =L119 -> 0 | AC39: =M39 -> 0 | AD39: =M79 -> 0 | AE39: =M119 -> 0 | AG39: =V39 -> 0 | AH39: =V79 -> 0 | AI39: =V119 -> 0 | AJ39: =W39 -> 0 | AK39: =W79 -> 0 | AL39: =W119 -> 0
C40: A165L | L40: =(D40+F40+G40+J40+K40)*10000 -> 0 | M40: =(E40+F40+G40+H40+J40+K40+I40)*10000 -> 0 | V40: =(O40+Q40+R40+T40+U40)*10000 -> 0 | W40: =(P40+Q40+R40+T40+U40)*10000 -> 0 | Y40: =C40 -> A165L | Z40: =L40 -> 0 | AA40: =L80 -> 0 | AB40: =L120 -> 0 | AC40: =M40 -> 0 | AD40: =M80 -> 0 | AE40: =M120 -> 0 | AG40: =V40 -> 0 | AH40: =V80 -> 0 | AI40: =V120 -> 0 | AJ40: =W40 -> 0 | AK40: =W80 -> 0 | AL40: =W120 -> 0
B42: 5G | C42: LG | D42: 골드 MNP 합산단가 | O42: 골드 기변 합산단가
C46: 모델명 | D46: 끝단가 | F46: 공통 | L46: 공시 합산 | M46: 선약 합산 | O46: 끝단가 | Q46: 공통 | V46: 공시 합산 | W46: 선약 합산
D47: 공시 | E47: 선약 | F47: 유통망지원금20이상 | G47: 3월 그레이드 | K47: 부가추가 | O47: 공시 | P47: 선약 | Q47: 3월 그레이드 | R47: 105티빙 | T47: 유통망지원금20이상 | U47: 부가추가
C48: =입력용!C13 -> 갤럭시 Z폴드7 | D48: 0 | E48: =SUM(D48-1-5) -> -6 | F48: 3 | H48: 2 | K48: 6 | L48: =(D48+F48+I48+G48+H48+J48+K48)*10000 -> 110000 | M48: =(E48+F48+G48+H48+J48+K48+I48)*10000 -> 50000 | O48: 0 | P48: =SUM(O48-1) -> -1 | Q48: 2 | R48: 2 | T48: 3 | U48: 6 | V48: =(O48+Q48+S48+R48+T48+U48)*10000 -> 130000 | W48: =(P48+Q48+R48+T48+U48+S48)*10000 -> 120000
C49: =입력용!C14 -> 갤럭시 Z플립7_256G | D49: 58 | E49: =SUM(D49-1-5) -> 52 | F49: 3 | H49: 2 | K49: 6 | L49: =(D49+F49+I49+G49+H49+J49+K49)*10000 -> 690000 | M49: =(E49+F49+G49+H49+J49+K49+I49)*10000 -> 630000 | O49: 60 | P49: =SUM(O49-1) -> 59 | Q49: 2 | R49: 2 | T49: 3 | U49: 6 | V49: =(O49+Q49+S49+R49+T49+U49)*10000 -> 730000 | W49: =(P49+Q49+R49+T49+U49+S49)*10000 -> 720000
C50: =입력용!C15 -> 갤럭시 Z플립7_512G | E50: =SUM(D50-1-5) -> -6 | L50: =(D50+F50+I50+G50+H50+J50+K50)*10000 -> 0 | M50: =(E50+F50+G50+H50+J50+K50+I50)*10000 -> -60000 | V50: =(O50+Q50+S50+R50+T50+U50)*10000 -> 0 | W50: =(P50+Q50+R50+T50+U50+S50)*10000 -> 0
C51: 갤럭시 S26_256G | D51: 49 | E51: =SUM(D51-1) -> 48 | H51: 2 | K51: 7 | L51: =(D51+F51+I51+G51+H51+J51+K51)*10000 -> 580000 | M51: =(E51+F51+G51+H51+J51+K51+I51)*10000 -> 570000 | O51: 51 | P51: =SUM(O51-1) -> 50 | Q51: 2 | R51: 2 | U51: 7 | V51: =(O51+Q51+S51+R51+T51+U51)*10000 -> 620000 | W51: =(P51+Q51+R51+T51+U51+S51)*10000 -> 610000
C52: 갤럭시 S26+_256G | D52: 49 | E52: =SUM(D52-1) -> 48 | H52: 2 | K52: 7 | L52: =(D52+F52+I52+G52+H52+J52+K52)*10000 -> 580000 | M52: =(E52+F52+G52+H52+J52+K52+I52)*10000 -> 570000 | O52: 51 | P52: =SUM(O52-1) -> 50 | Q52: 2 | R52: 2 | U52: 7 | V52: =(O52+Q52+S52+R52+T52+U52)*10000 -> 620000 | W52: =(P52+Q52+R52+T52+U52+S52)*10000 -> 610000
C53: 갤럭시 S26 울트라_256G | D53: 49 | E53: =SUM(D53-1) -> 48 | H53: 2 | K53: 7 | L53: =(D53+F53+I53+G53+H53+J53+K53)*10000 -> 580000 | M53: =(E53+F53+G53+H53+J53+K53+I53)*10000 -> 570000 | O53: 51 | P53: =SUM(O53-1) -> 50 | Q53: 2 | R53: 2 | U53: 7 | V53: =(O53+Q53+S53+R53+T53+U53)*10000 -> 620000 | W53: =(P53+Q53+R53+T53+U53+S53)*10000 -> 610000
C54: =입력용!C19 -> 갤럭시 S25 | D54: 44 | E54: =SUM(D54-1) -> 43 | F54: 3 | H54: 2 | K54: 6 | L54: =(D54+F54+I54+G54+H54+J54+K54)*10000 -> 550000 | M54: =(E54+F54+G54+H54+J54+K54+I54)*10000 -> 540000 | O54: 36 | P54: =SUM(O54-1) -> 35 | Q54: 2 | R54: 2 | T54: 3 | U54: 6 | V54: =(O54+Q54+S54+R54+T54+U54)*10000 -> 490000 | W54: =(P54+Q54+R54+T54+U54+S54)*10000 -> 480000
C55: 갤럭시 S25+ | E55: =SUM(D55-1) -> -1 | K55: 6 | L55: =(D55+F55+I55+G55+H55+J55+K55)*10000 -> 60000 | M55: =(E55+F55+G55+H55+J55+K55+I55)*10000 -> 50000 | P55: =SUM(O55-1) -> -1 | R55: 2 | T55: 3 | U55: 6 | V55: =(O55+Q55+S55+R55+T55+U55)*10000 -> 110000 | W55: =(P55+Q55+R55+T55+U55+S55)*10000 -> 100000
C56: 갤럭시 S25 울트라 | D56: 24 | E56: =SUM(D56-1) -> 23 | F56: 3 | H56: 2 | K56: 6 | L56: =(D56+F56+I56+G56+H56+J56+K56)*10000 -> 350000 | M56: =(E56+F56+G56+H56+J56+K56+I56)*10000 -> 340000 | O56: 24 | P56: =SUM(O56-1) -> 23 | Q56: 2 | R56: 2 | T56: 3 | U56: 6 | V56: =(O56+Q56+S56+R56+T56+U56)*10000 -> 370000 | W56: =(P56+Q56+R56+T56+U56+S56)*10000 -> 360000
C57: 갤럭시 S25 엣지 | D57: 51 | E57: =SUM(D57-1-5) -> 45 | F57: 3 | H57: 2 | K57: 6 | L57: =(D57+F57+I57+G57+H57+J57+K57)*10000 -> 620000 | M57: =(E57+F57+G57+H57+J57+K57+I57)*10000 -> 560000 | O57: 52 | P57: =SUM(O57-1) -> 51 | Q57: 2 | R57: 2 | T57: 3 | U57: 6 | V57: =(O57+Q57+S57+R57+T57+U57)*10000 -> 650000 | W57: =(P57+Q57+R57+T57+U57+S57)*10000 -> 640000
C58: 아이폰17 256G | D58: 67 | E58: =SUM(D58-1) -> 66 | F58: 3 | H58: 2 | K58: 6 | L58: =(D58+F58+I58+G58+H58+J58+K58)*10000 -> 780000 | M58: =(E58+F58+G58+H58+J58+K58+I58)*10000 -> 770000 | O58: 32 | P58: =SUM(O58-1) -> 31 | Q58: 2 | R58: 2 | T58: 3 | U58: 6 | V58: =(O58+Q58+S58+R58+T58+U58)*10000 -> 450000 | W58: =(P58+Q58+R58+T58+U58+S58)*10000 -> 440000
C59: 아이폰17 에어 256G | D59: 65 | E59: =SUM(D59-1) -> 64 | F59: 3 | H59: 2 | K59: 6 | L59: =(D59+F59+I59+G59+H59+J59+K59)*10000 -> 760000 | M59: =(E59+F59+G59+H59+J59+K59+I59)*10000 -> 750000 | O59: 30 | P59: =SUM(O59-1) -> 29 | Q59: 2 | R59: 2 | T59: 3 | U59: 6 | V59: =(O59+Q59+S59+R59+T59+U59)*10000 -> 430000 | W59: =(P59+Q59+R59+T59+U59+S59)*10000 -> 420000
C60: 아이폰17 프로 256G | D60: 63 | E60: =SUM(D60-1) -> 62 | F60: 3 | H60: 2 | K60: 6 | L60: =(D60+F60+I60+G60+H60+J60+K60)*10000 -> 740000 | M60: =(E60+F60+G60+H60+J60+K60+I60)*10000 -> 730000 | O60: 28 | P60: =SUM(O60-1) -> 27 | Q60: 2 | R60: 2 | T60: 3 | U60: 6 | V60: =(O60+Q60+S60+R60+T60+U60)*10000 -> 410000 | W60: =(P60+Q60+R60+T60+U60+S60)*10000 -> 400000
C61: 아이폰17 프로맥스 256G | D61: 59 | E61: =SUM(D61-1) -> 58 | F61: 3 | H61: 2 | K61: 6 | L61: =(D61+F61+I61+G61+H61+J61+K61)*10000 -> 700000 | M61: =(E61+F61+G61+H61+J61+K61+I61)*10000 -> 690000 | O61: 24 | P61: =SUM(O61-1) -> 23 | Q61: 2 | R61: 2 | T61: 3 | U61: 6 | V61: =(O61+Q61+S61+R61+T61+U61)*10000 -> 370000 | W61: =(P61+Q61+R61+T61+U61+S61)*10000 -> 360000
C62: 아이폰16 128G | E62: =SUM(D62-1-5) -> -6 | F62: 3 | K62: 6 | L62: =(D62+F62+I62+G62+H62+J62+K62)*10000 -> 90000 | M62: =(E62+F62+G62+H62+J62+K62+I62)*10000 -> 30000 | P62: =SUM(O62-1) -> -1 | V62: =(O62+Q62+S62+R62+T62+U62)*10000 -> 0 | W62: =(P62+Q62+R62+T62+U62+S62)*10000 -> -10000
C63: 아이폰16+ 128G | E63: =SUM(D63-1-5) -> -6 | F63: 3 | K63: 6 | L63: =(D63+F63+I63+G63+H63+J63+K63)*10000 -> 90000 | M63: =(E63+F63+G63+H63+J63+K63+I63)*10000 -> 30000 | P63: =SUM(O63-1) -> -1 | V63: =(O63+Q63+S63+R63+T63+U63)*10000 -> 0 | W63: =(P63+Q63+R63+T63+U63+S63)*10000 -> -10000
C64: 아이폰16 프로 128G | E64: =SUM(D64-1-5) -> -6 | F64: 3 | K64: 6 | L64: =(D64+F64+I64+G64+H64+J64+K64)*10000 -> 90000 | M64: =(E64+F64+G64+H64+J64+K64+I64)*10000 -> 30000 | P64: =SUM(O64-1) -> -1 | V64: =(O64+Q64+S64+R64+T64+U64)*10000 -> 0 | W64: =(P64+Q64+R64+T64+U64+S64)*10000 -> -10000
C65: 아이폰16 프로맥스 256G | E65: =SUM(D65-1-5) -> -6 | F65: 3 | K65: 6 | L65: =(D65+F65+I65+G65+H65+J65+K65)*10000 -> 90000 | M65: =(E65+F65+G65+H65+J65+K65+I65)*10000 -> 30000 | P65: =SUM(O65-1) -> -1 | V65: =(O65+Q65+S65+R65+T65+U65)*10000 -> 0 | W65: =(P65+Q65+R65+T65+U65+S65)*10000 -> -10000
C66: 갤럭시 S25FE | D66: 61 | E66: =SUM(D66-1) -> 60 | F66: 3 | H66: 2 | K66: 6 | L66: =(D66+F66+I66+G66+H66+J66+K66)*10000 -> 720000 | M66: =(E66+F66+G66+H66+J66+K66+I66)*10000 -> 710000 | O66: 29 | P66: =SUM(O66-1) -> 28 | Q66: 2 | R66: 2 | T66: 3 | U66: 6 | V66: =(O66+Q66+S66+R66+T66+U66)*10000 -> 420000 | W66: =(P66+Q66+R66+T66+U66+S66)*10000 -> 410000
E67: =SUM(D67-1-3) -> -4 | L67: =(D67+F67+I67+G67+H67+J67+K67)*10000 -> 0 | M67: =(E67+F67+G67+H67+J67+K67+I67)*10000 -> -40000 | O67: 0 | P67: =SUM(O67-1-3) -> -4 | R67: 0 | V67: =(O67+Q67+S67+R67+T67+U67)*10000 -> 0 | W67: =(P67+Q67+R67+T67+U67+S67)*10000 -> -40000
C68: 갤럭시 A34 5G | E68: =SUM(D68-1-3) -> -4 | L68: =(D68+F68+I68+G68+H68+J68+K68)*10000 -> 0 | M68: =(E68+F68+G68+H68+J68+K68+I68)*10000 -> -40000 | P68: =SUM(O68-1-3) -> -4 | V68: =(O68+Q68+S68+R68+T68+U68)*10000 -> 0 | W68: =(P68+Q68+R68+T68+U68+S68)*10000 -> -40000
C69: 퀀텀4 | E69: =SUM(D69-1-3) -> -4 | L69: =(D69+F69+I69+G69+H69+J69+K69)*10000 -> 0 | M69: =(E69+F69+G69+H69+J69+K69+I69)*10000 -> -40000 | P69: =SUM(O69-1-3) -> -4 | V69: =(O69+Q69+S69+R69+T69+U69)*10000 -> 0 | W69: =(P69+Q69+R69+T69+U69+S69)*10000 -> -40000
C70: 점프3 | E70: =SUM(D70-1-3) -> -4 | L70: =(D70+F70+I70+G70+H70+J70+K70)*10000 -> 0 | M70: =(E70+F70+G70+H70+J70+K70+I70)*10000 -> -40000 | P70: =SUM(O70-1-3) -> -4 | V70: =(O70+Q70+S70+R70+T70+U70)*10000 -> 0 | W70: =(P70+Q70+R70+T70+U70+S70)*10000 -> -40000
C71: 갤럭시 A25 5G | E71: =SUM(D71-1-3) -> -4 | L71: =(D71+F71+I71+G71+H71+J71+K71)*10000 -> 0 | M71: =(E71+F71+G71+H71+J71+K71+I71)*10000 -> -40000 | P71: =SUM(O71-1-3) -> -4 | V71: =(O71+Q71+S71+R71+T71+U71)*10000 -> 0 | W71: =(P71+Q71+R71+T71+U71+S71)*10000 -> -40000
C72: 버디4 (5G심플+) | D72: 46 | E72: =SUM(D72-1-5) -> 40 | K72: 6 | L72: =(D72+F72+I72+G72+H72+J72+K72)*10000 -> 520000 | M72: =(E72+F72+G72+H72+J72+K72+I72)*10000 -> 460000 | O72: 14 | P72: =SUM(O72-1) -> 13 | U72: 6 | V72: =(O72+Q72+S72+R72+T72+U72)*10000 -> 200000 | W72: =(P72+Q72+R72+T72+U72+S72)*10000 -> 190000
C73: 와이드7 | L73: =(D73+G73+K73)*10000 -> 0 | M73: =(E73+G73+K73)*10000 -> 0 | V73: =(O73+Q73+S73+R73+T73+U73)*10000 -> 0 | W73: =(P73+Q73+R73+T73+U73)*10000 -> 0
L74: =(D74+G74+K74)*10000 -> 0 | M74: =(E74+G74+K74)*10000 -> 0 | V74: =(O74+Q74+S74+R74+T74+U74)*10000 -> 0 | W74: =(P74+Q74+R74+T74+U74)*10000 -> 0
B75: LTE | C75: 모델명 | D75: 끝단가 | F75: 공통 | L75: 공시 합산 | M75: 선약 합산 | O75: 끝단가 | Q75: 공통 | V75: 공시 합산 | W75: 선약 합산
D76: 공시 | E76: 선약 | G76: 777연합spot정책 | K76: 부가추가 | O76: 공시 | P76: 선약 | Q76: 유통망지원금20이상+3 | R76: 777연합spot정책 | U76: 부가추가
C77: 갤럭시 A17 | L77: =(D77+F77+G77+J77+K77)*10000 -> 0 | M77: =(E77+F77+G77+J77+K77)*10000 -> 0 | V77: =(O77+Q77+R77+T77+U77)*10000 -> 0 | W77: =(P77+Q77+R77+T77+U77)*10000 -> 0
C78: 갤럭시 A24 | L78: =(D78+F78+G78+J78+K78)*10000 -> 0 | M78: =(E78+F78+G78+J78+K78)*10000 -> 0 | V78: =(O78+Q78+R78+T78+U78)*10000 -> 0 | W78: =(P78+Q78+R78+T78+U78)*10000 -> 0
C79: M140 | L79: =(D79+F79+G79+J79+K79)*10000 -> 0 | M79: =(E79+F79+G79+J79+K79)*10000 -> 0 | V79: =(O79+Q79+R79+T79+U79)*10000 -> 0 | W79: =(P79+Q79+R79+T79+U79)*10000 -> 0
C80: A165L | L80: =(D80+F80+G80+J80+K80)*10000 -> 0 | M80: =(E80+F80+G80+J80+K80)*10000 -> 0 | V80: =(O80+Q80+R80+T80+U80)*10000 -> 0 | W80: =(P80+Q80+R80+T80+U80)*10000 -> 0
B82: 5G | C82: LG | D82: 충청모바일 MNP 합산단가 | O82: 충청모바일 기변 합산단가
C86: 모델명 | D86: 끝단가 | F86: 공통 | L86: 공시 합산 | M86: 선약 합산 | O86: 끝단가 | Q86: 공통 | V86: 공시 합산 | W86: 선약 합산
D87: 공시 | E87: 선약 | F87: 유통망지원금20이상 | G87: S26사예얼리 | H87: S26추가글구두 | J87: 굿스타트 | K87: 부가추가 | O87: 공시 | P87: 선약 | Q87: 유통망지원금20이상 | R87: S26사예얼리 | S87: S26추가글구두 | T87: 굿스타트 | U87: 부가추가
C88: =입력용!C13 -> 갤럭시 Z폴드7 | D88: 60 | E88: =SUM(D88-6) -> 54 | F88: 3 | K88: 6 | L88: =(D88+F88+G88+J88+H88+K88+I88)*10000 -> 690000 | M88: =(E88+F88+G88+H88+J88+K88+I88)*10000 -> 630000 | O88: 66 | P88: =SUM(O88) -> 66 | Q88: 3 | U88: 6 | V88: =(O88+Q88+R88+T88+U88+S88)*10000 -> 750000 | W88: =(P88+Q88+R88+T88+U88+S88)*10000 -> 750000
C89: =입력용!C14 -> 갤럭시 Z플립7_256G | D89: 60 | E89: =SUM(D89-6) -> 54 | F89: 3 | K89: 6 | L89: =(D89+F89+G89+J89+H89+K89+I89)*10000 -> 690000 | M89: =(E89+F89+G89+H89+J89+K89+I89)*10000 -> 630000 | O89: 68 | P89: =SUM(O89) -> 68 | Q89: 3 | U89: 6 | V89: =(O89+Q89+R89+T89+U89+S89)*10000 -> 770000 | W89: =(P89+Q89+R89+T89+U89+S89)*10000 -> 770000
C90: =입력용!C15 -> 갤럭시 Z플립7_512G | E90: =SUM(D90-6) -> -6 | F90: 3 | K90: 6 | L90: =(D90+F90+G90+J90+H90+K90+I90)*10000 -> 90000 | M90: =(E90+F90+G90+H90+J90+K90+I90)*10000 -> 30000 | Q90: 3 | U90: 6 | V90: =(O90+Q90+R90+T90+U90+S90)*10000 -> 90000 | W90: =(P90+Q90+R90+T90+U90+S90)*10000 -> 90000
C91: 갤럭시 S26_256G | D91: 50 | E91: =SUM(D91) -> 50 | F91: 3 | K91: 7 | L91: =(D91+F91+G91+J91+H91+K91+I91)*10000 -> 600000 | M91: =(E91+F91+G91+H91+J91+K91+I91)*10000 -> 600000 | O91: 54 | P91: =SUM(O91) -> 54 | Q91: 3 | U91: 7 | V91: =(O91+Q91+R91+T91+U91+S91)*10000 -> 640000 | W91: =(P91+Q91+R91+T91+U91+S91)*10000 -> 640000
C92: 갤럭시 S26+_256G | D92: 50 | E92: =SUM(D92) -> 50 | F92: 3 | K92: 7 | L92: =(D92+F92+G92+J92+H92+K92+I92)*10000 -> 600000 | M92: =(E92+F92+G92+H92+J92+K92+I92)*10000 -> 600000 | O92: 54 | P92: =SUM(O92) -> 54 | Q92: 3 | U92: 7 | V92: =(O92+Q92+R92+T92+U92+S92)*10000 -> 640000 | W92: =(P92+Q92+R92+T92+U92+S92)*10000 -> 640000
C93: 갤럭시 S26 울트라_256G | D93: 50 | E93: =SUM(D93) -> 50 | F93: 3 | K93: 7 | L93: =(D93+F93+G93+J93+H93+K93+I93)*10000 -> 600000 | M93: =(E93+F93+G93+H93+J93+K93+I93)*10000 -> 600000 | O93: 54 | P93: =SUM(O93) -> 54 | Q93: 3 | U93: 7 | V93: =(O93+Q93+R93+T93+U93+S93)*10000 -> 640000 | W93: =(P93+Q93+R93+T93+U93+S93)*10000 -> 640000
C94: =입력용!C19 -> 갤럭시 S25 | D94: 50 | E94: =SUM(D94) -> 50 | F94: 3 | K94: 6 | L94: =(D94+F94+G94+J94+H94+K94+I94)*10000 -> 590000 | M94: =(E94+F94+G94+H94+J94+K94+I94)*10000 -> 590000 | O94: 54 | P94: =SUM(O94) -> 54 | Q94: 3 | U94: 6 | V94: =(O94+Q94+R94+T94+U94+S94)*10000 -> 630000 | W94: =(P94+Q94+R94+T94+U94+S94)*10000 -> 630000
C95: 갤럭시 S25+ | E95: =SUM(D95) -> 0 | L95: =(D95+F95+G95+J95+H95+K95+I95)*10000 -> 0 | M95: =(E95+F95+G95+H95+J95+K95+I95)*10000 -> 0 | P95: =SUM(O95) -> 0 | V95: =(O95+Q95+R95+T95+U95+S95)*10000 -> 0 | W95: =(P95+Q95+R95+T95+U95+S95)*10000 -> 0
C96: 갤럭시 S25 울트라 | E96: =SUM(D96) -> 0 | L96: =(D96+F96+G96+J96+H96+K96+I96)*10000 -> 0 | M96: =(E96+F96+G96+H96+J96+K96+I96)*10000 -> 0 | P96: =SUM(O96) -> 0 | V96: =(O96+Q96+R96+T96+U96+S96)*10000 -> 0 | W96: =(P96+Q96+R96+T96+U96+S96)*10000 -> 0
C97: 갤럭시 S25 엣지 | D97: 62 | E97: =SUM(D97) -> 62 | F97: 3 | L97: =(D97+F97+G97+J97+H97+K97+I97)*10000 -> 650000 | M97: =(E97+F97+G97+H97+J97+K97+I97)*10000 -> 650000 | O97: 60 | P97: =SUM(O97) -> 60 | Q97: 3 | U97: 6 | V97: =(O97+Q97+R97+T97+U97+S97)*10000 -> 690000 | W97: =(P97+Q97+R97+T97+U97+S97)*10000 -> 690000
C98: 아이폰17 256G | D98: 68 | E98: =SUM(D98) -> 68 | F98: 3 | K98: 6 | L98: =(D98+F98+G98+J98+H98+K98+I98)*10000 -> 770000 | M98: =(E98+F98+G98+H98+J98+K98+I98)*10000 -> 770000 | O98: 38 | P98: =SUM(O98) -> 38 | Q98: 3 | U98: 6 | V98: =(O98+Q98+R98+T98+U98+S98)*10000 -> 470000 | W98: =(P98+Q98+R98+T98+U98+S98)*10000 -> 470000
C99: 아이폰17 에어 256G | D99: 68 | E99: =SUM(D99) -> 68 | F99: 3 | K99: 6 | L99: =(D99+F99+G99+J99+H99+K99+I99)*10000 -> 770000 | M99: =(E99+F99+G99+H99+J99+K99+I99)*10000 -> 770000 | O99: 38 | P99: =SUM(O99) -> 38 | Q99: 3 | U99: 6 | V99: =(O99+Q99+R99+T99+U99+S99)*10000 -> 470000 | W99: =(P99+Q99+R99+T99+U99+S99)*10000 -> 470000
C100: 아이폰17 프로 256G | D100: 60 | E100: =SUM(D100) -> 60 | F100: 3 | K100: 6 | L100: =(D100+F100+G100+J100+H100+K100+I100)*10000 -> 690000 | M100: =(E100+F100+G100+H100+J100+K100+I100)*10000 -> 690000 | O100: 33 | P100: =SUM(O100) -> 33 | Q100: 3 | U100: 6 | V100: =(O100+Q100+R100+T100+U100+S100)*10000 -> 420000 | W100: =(P100+Q100+R100+T100+U100+S100)*10000 -> 420000
C101: 아이폰17 프로맥스 256G | D101: 60 | E101: =SUM(D101) -> 60 | F101: 3 | K101: 6 | L101: =(D101+F101+G101+J101+H101+K101+I101)*10000 -> 690000 | M101: =(E101+F101+G101+H101+J101+K101+I101)*10000 -> 690000 | O101: 33 | P101: =SUM(O101) -> 33 | Q101: 3 | U101: 6 | V101: =(O101+Q101+R101+T101+U101+S101)*10000 -> 420000 | W101: =(P101+Q101+R101+T101+U101+S101)*10000 -> 420000
C102: 아이폰16 128G | E102: =SUM(D102-6) -> -6 | K102: 6 | L102: =(D102+F102+G102+J102+H102+K102+I102)*10000 -> 60000 | M102: =(E102+F102+G102+H102+J102+K102+I102)*10000 -> 0 | P102: =SUM(O102) -> 0 | V102: =(O102+Q102+R102+T102+U102+S102)*10000 -> 0 | W102: =(P102+Q102+R102+T102+U102+S102)*10000 -> 0
C103: 아이폰16+ 128G | E103: =SUM(D103-6) -> -6 | K103: 6 | L103: =(D103+F103+G103+J103+H103+K103+I103)*10000 -> 60000 | M103: =(E103+F103+G103+H103+J103+K103+I103)*10000 -> 0 | P103: =SUM(O103) -> 0 | V103: =(O103+Q103+R103+T103+U103+S103)*10000 -> 0 | W103: =(P103+Q103+R103+T103+U103+S103)*10000 -> 0
C104: 아이폰16 프로 128G | E104: =SUM(D104-6) -> -6 | K104: 6 | L104: =(D104+F104+G104+J104+H104+K104+I104)*10000 -> 60000 | M104: =(E104+F104+G104+H104+J104+K104+I104)*10000 -> 0 | P104: =SUM(O104) -> 0 | V104: =(O104+Q104+R104+T104+U104+S104)*10000 -> 0 | W104: =(P104+Q104+R104+T104+U104+S104)*10000 -> 0
C105: 아이폰16 프로맥스 256G | E105: =SUM(D105-6) -> -6 | K105: 6 | L105: =(D105+F105+G105+J105+H105+K105+I105)*10000 -> 60000 | M105: =(E105+F105+G105+H105+J105+K105+I105)*10000 -> 0 | P105: =SUM(O105) -> 0 | V105: =(O105+Q105+R105+T105+U105+S105)*10000 -> 0 | W105: =(P105+Q105+R105+T105+U105+S105)*10000 -> 0
C106: 갤럭시 S25FE | D106: 60 | E106: =SUM(D106-6) -> 54 | F106: 3 | L106: =(D106+F106+G106+J106+H106+K106+I106)*10000 -> 630000 | M106: =(E106+F106+G106+H106+J106+K106+I106)*10000 -> 570000 | O106: 30 | P106: =SUM(O106) -> 30 | Q106: 3 | U106: 6 | V106: =(O106+Q106+R106+T106+U106+S106)*10000 -> 390000 | W106: =(P106+Q106+R106+T106+U106+S106)*10000 -> 390000
C107: 갤럭시 A35 5G | E107: =SUM(D107-3) -> -3 | K107: 6 | L107: =(D107+F107+G107+J107+H107+K107+I107)*10000 -> 60000 | M107: =(E107+F107+G107+H107+J107+K107+I107)*10000 -> 30000 | P107: =SUM(O107-3) -> -3 | U107: 6 | V107: =(O107+Q107+R107+T107+U107+S107)*10000 -> 60000 | W107: =(P107+Q107+R107+T107+U107+S107)*10000 -> 30000
C108: 갤럭시 A34 5G | E108: =SUM(D108-3) -> -3 | K108: 6 | L108: =(D108+F108+G108+J108+H108+K108+I108)*10000 -> 60000 | M108: =(E108+F108+G108+H108+J108+K108+I108)*10000 -> 30000 | P108: =SUM(O108-3) -> -3 | U108: 6 | V108: =(O108+Q108+R108+T108+U108+S108)*10000 -> 60000 | W108: =(P108+Q108+R108+T108+U108+S108)*10000 -> 30000
C109: 퀀텀4 | E109: =SUM(D109-3) -> -3 | K109: 6 | L109: =(D109+F109+G109+J109+H109+K109+I109)*10000 -> 60000 | M109: =(E109+F109+G109+H109+J109+K109+I109)*10000 -> 30000 | P109: =SUM(O109-3) -> -3 | U109: 6 | V109: =(O109+Q109+R109+T109+U109+S109)*10000 -> 60000 | W109: =(P109+Q109+R109+T109+U109+S109)*10000 -> 30000
C110: 점프3 | E110: =SUM(D110-3) -> -3 | K110: 6 | L110: =(D110+F110+G110+J110+H110+K110+I110)*10000 -> 60000 | M110: =(E110+F110+G110+H110+J110+K110+I110)*10000 -> 30000 | P110: =SUM(O110-3) -> -3 | U110: 6 | V110: =(O110+Q110+R110+T110+U110+S110)*10000 -> 60000 | W110: =(P110+Q110+R110+T110+U110+S110)*10000 -> 30000
C111: 갤럭시 A25 5G | E111: =SUM(D111-3) -> -3 | K111: 6 | L111: =(D111+F111+G111+J111+H111+K111+I111)*10000 -> 60000 | M111: =(E111+F111+G111+H111+J111+K111+I111)*10000 -> 30000 | P111: =SUM(O111-3) -> -3 | U111: 6 | V111: =(O111+Q111+R111+T111+U111+S111)*10000 -> 60000 | W111: =(P111+Q111+R111+T111+U111+S111)*10000 -> 30000
...

Sheet 키즈폰 (2)
B1: 010 신규폰 정책 정리표
B4: SK | C4: P S
B5: 모델 | C5: M166 | H5: A175 | M5: A17포켓몬
B6: 출고가 | C6: 374000 | H6: 319000 | M6: 349800
B7: 요금제 | C7: 베이직플러스 | E7: 컴팩트 | H7: 베이직플러스 | J7: 컴팩트 | M7: 베이직플러스 | O7: 컴팩트
C8: ZEM퍼펙트 | E8: ZEM베스트 | H8: ZEM퍼펙트 | J8: ZEM베스트 | M8: ZEM퍼펙트 | O8: ZEM베스트
B9: 개통유형 | C9: 선약 | E9: 선약 | H9: 선약 | J9: 선약 | M9: 선약 | O9: 선약
B10: 공시지원금 | C10: 278000 | E10: 247000 | H10: 91000 | J10: 80000 | M10: 91000 | O10: 80000
B11: 부가서비스 | C11: 부가미유치 | E11: 부가미유치 | H11: 부가미유치 | J11: 부가미유치 | M11: 부가미유치 | O11: 부가미유치
B12: 유통지원금 | C12: 150000 | E12: 150000 | H12: 200000 | J12: 200000 | M12: 200000 | O12: 200000
B13: 유통지원추가 | C13: 50000 | E13: 50000 | H13: 50000 | J13: 50000 | M13: 50000 | O13: 50000
B14: 액면 | C14: 540000 | E14: 490000 | H14: 520000 | J14: 470000 | M14: 450000 | O14: 450000
B15: ZEM활성화 | C15: 100000 | E15: 100000 | H15: 50000 | J15: 50000 | M15: 50000 | O15: 50000
B16: 최종단가 | C16: =C13+C14+C15-30000 -> 660000 | E16: =E13+E14+E15-30000 -> 610000 | G16: =E13+E14+E15-30000 -> 610000 | H16: =H13+H14+H15-30000 -> 590000 | J16: =J13+J14+J15-30000 -> 540000 | M16: =M13+M14+M15-30000 -> 520000 | O16: =O13+O14+O15-30000 -> 520000
B17: 선약 NET가 | C17: =C6-C16 -> -286000 | E17: =C6-E16 -> -236000 | H17: =H6-H16 -> -271000 | J17: =H6-J16 -> -221000 | M17: =M6-M16 -> -170200 | O17: =M6-O16 -> -170200
B19: SK | C19: 엠에스
B20: 모델 | C20: M166 | H20: A175 | M20: A17포켓몬
B21: 출고가 | C21: 374000 | H21: 319000 | M21: 349800
B22: 요금제 | C22: 베이직플러스 | E22: 컴팩트 | H22: 베이직플러스 | J22: 컴팩트 | M22: 베이직플러스 | O22: 컴팩트
C23: ZEM퍼펙트 | E23: ZEM베스트 | H23: ZEM퍼펙트 | J23: ZEM베스트 | M23: ZEM퍼펙트 | O23: ZEM베스트
B24: 개통유형 | C24: 선약 | E24: 선약 | H24: 선약 | J24: 선약 | M24: 선약 | O24: 선약
B25: 공시지원금 | C25: 278000 | E25: 247000 | H25: 91000 | J25: 80000 | M25: 91000 | O25: 80000
B26: 부가서비스 | C26: T올케m+1 | E26: T올케m+1 | H26: T올케m+1 | J26: T올케m+1 | M26: 부가미유치 | O26: 부가미유치
B27: 유통지원금 | C27: 150000 | E27: 150000 | H27: 200000 | J27: 200000 | M27: 200000 | O27: 200000
B28: 유통지원추가 | C28: 50000 | E28: 50000 | H28: 50000 | J28: 50000 | M28: 50000 | O28: 50000
B29: 액면 | C29: 520000 | E29: 470000 | H29: 550000 | J29: 500000 | M29: 450000 | O29: 450000
B30: 010연령별요금제정책 | C30: 100000 | E30: 100000 | G30: 0 | H30: 50000 | J30: 50000 | L30: 50 | M30: 50000 | O30: 50000
B31: 최종단가 | C31: =C28+C29+C30 -> 670000 | E31: =E28+E29+E30 -> 620000 | H31: =H28+H29+H30 -> 650000 | J31: =J28+J29+J30 -> 600000 | M31: =M28+M29-M30 -> 450000 | O31: =O28+O29+O30 -> 550000
B32: 선약 NET가 | C32: =C21-C31 -> -296000 | E32: =C21-E31 -> -246000 | H32: =H21-H31 -> -331000 | J32: =H21-J31 -> -281000 | M32: =M21-M31 -> -100200 | O32: =M21-O31 -> -200200
B34: KT | C34: M&S
B35: 모델 | C35: 점프4 | H35: A175 | M35: A175폼폼푸린
B36: 출고가 | C36: 449900 | H36: 319000 | M36: 349800
B37: 요금제 | C37: 5G주니어 | E37: 주니어 슬림 | H37: 주니어 슬림 | J37: 주니어 ON | M37: 주니어 슬림 | O37: 주니어 ON
B38: 개통유형 | C38: 공시 | E38: 공시 | H38: 공시 | J38: 공시 | M38: 공시 | O38: 공시
B39: 공시지원금 | C39: 392000 | E39: 392000 | H39: 278000 | J39: 278000 | M39: 305000 | O39: 305000
B40: 부가서비스 | C40: 캐치콜유치 | E40: 캐치콜유치 | H40: 캐치콜유치 | J40: 캐치콜유치 | M40: 캐치콜유치 | O40: 캐치콜유치
B41: 액면 | C41: 280000 | E41: 0 | H41: 210000 | J41: 210000 | M41: 220000 | O41: 220000
B42: 결합추가 | C42: 100000 | E42: 100000 | H42: 100000 | J42: 100000 | M42: 100000 | O42: 100000
B43: 필수팩,보험차감 | C43: -30000 | E43: -30000 | H43: -30000 | J43: -30000 | M43: -30000 | O43: -30000
B44: 이동접수
B45: 최종단가 | C45: =C41+C42+C43+C44 -> 350000 | E45: =E41+E42+E43+E44 -> 70000 | H45: =H41+H42+H43+H44 -> 280000 | J45: =J41+J42+J43+J44 -> 280000 | M45: =M41+M42+M43+M44 -> 290000 | O45: =O41+O42+O43+O44 -> 290000
B46: NET가 | C46: =C36-C39-C45 -> -292100 | E46: =C36-E39-E45 -> -12100 | H46: =H36-H39-H45 -> -239000 | J46: =H36-J39-J45 -> -239000 | M46: =M36-M39-M45 -> -245200 | O46: =M36-O39-O45 -> -245200
B48: KT | C48: 이 룸
B49: 모델 | C49: 점프4 | H49: A175 | M49: A175폼폼푸린
B50: 출고가 | C50: 449900 | H50: 319000 | M50: 349800
B51: 요금제 | C51: 5G주니어 | E51: 주니어 슬림 | H51: 주니어 슬림 | J51: 주니어 ON | M51: 주니어 슬림 | O51: 주니어 ON
B52: 개통유형 | C52: 공시 | E52: 공시 | H52: 공시 | J52: 공시 | M52: 공시 | O52: 공시
B53: 공시지원금 | C53: 392000 | E53: 392000 | H53: 278000 | J53: 278000 | M53: 305000 | O53: 305000
B54: 부가서비스 | C54: 부가올면제 | E54: 부가올면제 | H54: 부가올면제 | J54: 부가올면제 | M54: 부가올면제 | O54: 부가올면제
B55: 액면 | C55: 380000 | E55: 280000 | H55: 300000 | J55: 300000 | M55: 310000 | O55: 310000
B56: 결합추가 | C56: 100000 | E56: 100000 | H56: 100000 | J56: 100000 | M56: 100000 | O56: 100000
B57: 최종단가 | C57: =C55+C56-40000 -> 440000 | E57: =E55+E56-40000 -> 340000 | H57: =H55+H56-40000 -> 360000 | J57: =J55+J56-40000 -> 360000 | M57: =M55+M56-40000 -> 370000 | O57: =O55+O56-40000 -> 370000
B58: NET가 | C58: =C50-C53-C57 -> -382100 | E58: =C50-E53-E57 -> -282100 | H58: =H50-H53-H57 -> -319000 | J58: =H50-J53-J57 -> -319000 | M58: =M50-M53-M57 -> -325200 | O58: =M50-O53-O57 -> -325200
B60: LG
B61: 모델 | C61: A17 무너폰2
B62: 출고가 | C62: 369500
B63: 요금제 | C63: 키즈29
B64: 개통유형 | C64: 공시
B65: 공시지원금 | C65: 221000
B66: 부가서비스 | C66: (보험+벨링기준) 유프플제외
B67: 거래처 | C67: 충청 | E67: 마라톤 | H67: 골드
B68: 액면 | C68: 350000 | E68: 530000 | H68: 520000
B69: 결합추가기준 | C69: =60000+20000 -> 80000 | E69: =60000+20000-20000 -> 60000 | H69: 20000 | J69: 결합필수
B70: 청소년추가 | C70: 160000 | E70: 0 | H70: 0
B71: 최종단가 | C71: =C68+C69+C70 -> 590000 | E71: =E68+E69+E70 -> 590000 | H71: =H68+H69+H70 -> 540000
B72: NET가 | C72: =C62-C65-C71 -> -441500 | E72: =C62-C65-E71 -> -441500 | H72: =C62-C65-H71 -> -391500

Sheet 포함사항공지
B3: 단가표 포함 사항
B5: 통신사 | C5: 거래처 | D5: 분 류 | E5: 기 간 | F5: 유 형 | G5: 내 용 | H5: 금 액
B6: SK | C6: PS | D6: 부가서비스 | E6: 당월 | F6: 고가 | G6: 우주패스, 마스콜, 보험 | H6: 5만
F7: 중가 | G7: M166 마스콜, 보험 | H7: 4만
F8: LTE | G8: 마스콜, 보험(M140 보험제외) | H8: 4만
D9: 유통망선약 | E9: 2월 1일~ | F9: 기기별 다름 | G9: 아이폰17군(E포함), 에어 10만원이상 유통망지원, S26류 15만원이상 유통망지원 | H9: 5만 5만 15만
G10: S25류(엣지,FE포함), 24류(FE), IP16류(e포함),15류, 폴더블7류(FE),A556,A175(+ZEM).M140 20만이상
G11: (010,기변은 상이함)M166 15만원이상/ 010기변+5만,MNP+15만
D12: ZEM 활성화 | E12: 3/11~ | F12: 신규 | G12: M166, A175(ZEM), A165 | H12: 5만
C14: MSC | D14: 부가서비스 | E14: 당월 | F14: 고가 | G14: 우주패스, 마스콜, 보험 | H14: 10만
F15: 중가 | G15: M166 마스콜, 보험 | H15: 5만
F16: LTE | G16: 마스콜, 보험 | H16: 2만
D17: 유통망선약 | E17: 2월 7일~ | F17: 기기별 다름 | G17: A566, S731, S25군. 엣지, 폴더블7, A175, M140 20만원이상 유통망지원 | H17: 5만 5만 15만
G18: 아이폰17군, 에어 10만원이상 유통망지원, S26류 15만원이상 유통망지원
G19: M166 15만원이상 유통망지원/ 010기변+5만,MNP+15만
D20: ZEM 활성화 | E20: 3/11~ | F20: 010신규 | G20: A175(ZEM포함),M166(만12세미만 zem요금제만적용 *zem퍼펙트 제외*) | H20: 5만
B22: KT | C22: 엠엔 | D22: 부가서비스 | E22: 해당월 | F22: 전유형 | G22: 필수팩, 보험 | H22: 4만
D23: 추가지원금 | E23: 3월1일 | F23: 전유형/선약 | G23: 선약만) 5만이상 +1만, 7만이상 +2만, 10만이상+3만 | H23: 1만/2만/3만
D24: 개별추가 | E24: 매일확인 | F24: 전유형 | G24: 전단말기 | H24: 금일없음
D25: 이동접수 | E25: 매일확인 | F25: 전유형 | G25: 전단말기 | H25: 금일없음
D26: S26예약정책 | E26: 예약후6일개통 | F26: MNP,기변 | G26: MNP5만/기변+0만 | H26: 5만/0만
D27: S26대응정책 | E27: 예약후6일개통 | F27: MNP,기변 | G27: MNP5만/기변+7만 | H27: 5만/7만
C28: 이룸 | D28: 부가서비스 | E28: 해당월 | F28: 전유형 | G28: 필수팩+보험 | H28: 6만
D29: 추가지원금 | E29: 3월1일 | F29: 전유형/선약 | G29: 선약만) 5만이상 +1만, 7만이상 +2만, 10만이상+3만 | H29: 1만/2만/3만
B35: LG | C35: 마라톤 | D35: 부가서비스 | E35: 해당월 | F35: 전유형 | G35: 통화편의구글원, V컬음악감상+벨링콘텐츠팩,폰교체패스,폰안심패스 | H35: 6만
D36: 유통망MNP | E36: ~종료시까지 | F36: MNP/기변 | G36: 유통망 지원금 20만 이상(모델확인) | H36: 3만
D37: 777연합 | E37: 해당월 | F37: MNP/기변 | G37: 100건이상 | H37: 5만
D38: S26일반개통 | E38: 10일~ | F38: MNP/기변 | G38: 보상패스가입 | H38: 5만
C40: 골드 | D40: 부가서비스 | E40: 해당월 | F40: 전유형 | G40: 통화편의구글원, V컬음악감상+벨링콘텐츠팩,폰교체패스,폰안심패스 | H40: 6만
D41: 유통망MNP | E41: ~종료시까지 | F41: MNP/기변 | G41: 유통망 지원금 20만 이상(모델확인) | H41: 3만
D42: 3월추가정책 | E42: 3월~ | F42: MNP/기변 | G42: 70만원 이상 단말기 | H42: 2만
D43: 티빙, 멀티팩 개통 | E43: 해당월 | F43: 기변 | G43: 105/115 요금제 | H43: 2만
D44: S26일반개통 | E44: 10일~ | F44: MNP/기변 | G44: 보상패스가입 | H44: 1만
C46: 충청 | D46: 부가서비스 | E46: 해당월 | F46: 전유형 | G46: 통화편의구글원, V컬음악감상+벨링콘텐츠팩,폰교체패스,폰안심패스 | H46: 6만
D47: 유통망MNP | E47: ~종료시까지 | F47: MNP/기변 | G47: 유통망 지원금 20만 이상(모델확인) | H47: 3만
D48: S26일반개통 | E48: 10일~ | F48: MNP/기변 | G48: 보상패스가입 | H48: 1만
B53: 단가표 미포함 부가 구두
B55: 통신사 | C55: 거래처 | D55: 분 류 | E55: 기 간 | F55: 유 형 | G55: 내 용 | H55: 금 액
B56: SK | C56: PS | D56: 중고MNP | E56: 3/5~ | F56: MNP | G56: 33요금제 이상 43구간 미만, 50구간이상 (중고신규3만) | H56: 21만/23만/25만
D57: 중고MNP활성화 | E57: 3/7~ | F57: 중고 MNP | G57: 유심단독 개통 후 결합 필수 | H57: 20만
D58: 중고010 | G58: 59요금제구간M+6 | H58: 40만
D59: 중고010신규연령별 | E59: 3/7~ | F59: 010신규 | G59: 만12세미만 zem요금제만적용 *zem퍼펙트 제외* | H59: 15만
C61: MSC | D61: 중고MNP | E61: 2/1일 | F61: MNP | G61: 33요금제 이상 (중고신규40만>베이직플러스이상유치시) | H61: 25만
D62: 중고MNP활성화 | E62: 3/1~ | F62: 중고 MNP | G62: 유심단독 개통 후 결합 필수 | H62: 20만
D65: 중고010신규연령별 | E65: 3/17~ | F65: 중고010신규 | G65: 만12세미만 zem요금제만적용 *zem퍼펙트 제외* | H65: 17만
B67: KT | C67: MNS | D67: 제카(할부수납) | E67: 2/1~ | F67: 전유형 | G67: 카드 내역 필수! 금액 상이함 | H67: 3만/5만
D69: 010신규결합 | E69: 2/1~ | F69: 010신규결합 | G69: 37이상+10만/69이상+15만 | H69: 10만/15만
D70: OTT구독 활성화 | E70: 2/1~ | F70: 전유형 | G70: 티빙스타벅스,유플프스타벅스 등등. | H70: 5만
D71: 중고MNP결합 활성화 | E71: 2/1~ | F71: 중고MNP | G71: 37이상+10만/69이상+15만+ 결합 약정필수 | H71: 10만/15만
D72: 추가지원금활성화2 | E72: 3/12~별도 | F72: 기변 | G72: S26시리즈 512기가 한정 14만원 추지등록시 (36개월할부X) | H72: 14만
C74: 세이프 | H74: 3만/5만
H75: 5만
H76: 15만
C77: 이룸 | D77: 제카(할부수납) | E77: 12/1~ | F77: 전유형 | G77: 카드 내역 필수! 금액 상이함 | H77: 3만/5만
D79: 010신규결합 | E79: 1/20~ | F79: 010신규결합 | G79: 37이상+10만/69이상+15만 | H79: 10만/15만
D80: OTT구독 활성화 | E80: 2/13~ | F80: 전유형 | G80: 티빙스타벅스,유플프스타벅스 등등. | H80: 3/4만
D81: 부가차감면제정책 | E81: 12/22~ | G81: 1외국인, 2시니어요금, 3.청소년요금 ,4.출고가70만이하의010신규만 | H81: 올부가면제(추가도없음)
D82: 추가지원금활성화2 | E82: 3/12~별도 | F82: 기변 | G82: S26시리즈 512기가 한정추지14만이상등록시( 요금할인+11만 공통지원금14만지원) | H82: 11만/14만
B84: LG | C84: 마라톤 | D84: 캠패인 대상자 | E84: 1/1~ | G84: 아이폰16, S24 S25류, S24FE 플립6, 폴드6 | H84: 5만
D85: 단체 MNP 중고 결합 | E85: 1/1~ | F85: 중고MNP | G85: 3건이상 MNP시 건당 5만원 요금제 유지기간 182일 | H85: 15만
D86: 대명 | E86: 1/1~ | F86: MNP/재가입 | G86: 20개월 유지 | H86: 15만
D87: 청소년무너에디션 | E87: 1/1~ | F87: 010신규 | G87: 전체요금제(공시지원금)결합유지기간+183일 | H87: 9만
D88: 유심MNP 결합정책 | E88: 2/1~ | F88: 중고MNP | G88: 61요금제 이상, 85이하 M+6 | H88: 15만
D89: S26류512기변정책 | E89: 3/12~ | F89: 기변 | G89: S26류 512기가 기변만 공시선약 (일반개통) | H89: 14만
D90: s731 신규정책 | E90: 46094 | F90: 신규 | G90: 85군이상 공시 | H90: 22만
C91: 골드 | D91: 단체 MNP 중고 결합 | E91: 1/1~ | F91: 중고MNP | G91: 3건이상 MNP시 건당 5만원 요금제 유지기간 182일 | H91: 15만
D92: 저가폰 부차차감 면제 | E92: 3/10~16 | F92: 전유형 | G92: 보험류(슬림제외)가입시 구글원, 필링류 차감 -2만원 면제
D93: 스팟정책2번 | E93: 17~19까지 | F93: 010신규 | G93: 무너2(A175N_M2) 29요금제이상 | H93: 5만
D94: 부가서비스 | G94: 듀얼넘버온앤오프+지정번호필터링(6050원) 유치시 구글원미유치차감면제
D95: 유심MNP 결합정책 | E95: 2/1~ | F95: 중고MNP | G95: 61요금제 이상, *골드는 단가표에 포함되어있음* M+6 | H95: 16만
D96: S26류512기변정책 | E96: 3/12~ | F96: 기변 | G96: S26류 512기가 기변만 공시선약 (일반개통) 단가표에 녹여있음
D97: s731 신규정책 | E97: 3/13~ | F97: 신규 | G97: 85군~115군 신규 공시 유지기간183일(청소년85지급제외) | H97: 20만
D98: A175 신규정책 | E98: 3/13~ | F98: 신규 | G98: 33군~115군(시니어,청소년,키즈요금제 제외) | H98: 30만
C99: 충청 | D99: 청소년 신규 | E99: 1/1~ | F99: 신규 | G99: 전모델 85요금제 ~ 키즈22 까지. 요금제 유지기간 182일 | H99: 10만
D100: 청소년 아이폰17 기변 | E100: 1/1~ | F100: 기변 | G100: 아이폰17류, 아이폰16류, E모델 제외 | H100: 28만
D101: 캠패인 대상자 | E101: 1/1~ | F101: 재가입 | G101: 금액 상이. 단가표 확인 필수 아이폰16, S24 S25류, S24FE 플립6 | H101: 5만
D102: 단체 MNP 중고 결합 | E102: 1/1~ | F102: 중고MNP | G102: 3건이상 MNP시 건당 5만원 요금제 유지기간 182일 | H102: 15만
D103: 부가서비스 | G103: 듀얼넘버온앤오프+지정번호필터링(6050원) 유치시 구글원미유치차감면제
D104: 무너에디션 | E104: 2/1~ | F104: 신규결합 | G104: 공시 183일 결합기준 | H104: 6만
D105: 신규+청소년 | E105: 2/1~ | F105: 신규 | G105: 1군키즈22=10만/1군키즈29~,청소년2군3군=16만추가 | H105: 10만/16만
D106: 유심MNP 결합정책 | E106: 2/1~ | F106: 중고MNP | G106: 61요금제 이상, M+6 | H106: 15만
D107: S26류512기변정책 | E107: 3/12~ | F107: 기변 | G107: S26류 512기가 기변만 공시선약 (일반개통) | H107: 14만
D108: s731 신규정책 | E108: 3/13~ | F108: 신규 | G108: 85군~115군 신규 공시 유지기간183일 | H108: 20만
D109: A175 신규정책 | E109: 3/13~ | F109: 신규 | G109: 33군~115군(시니어,청소년,키즈요금제 제외) | H109: 30만
B111: 전 거래처 차감 내역
B113: 통신사 | C113: 거래처 | D113: 분 류 | E113: 기 간 | F113: 유 형 | G113: 내 용 | H113: 금 액
B114: SK | C114: PS
C123: MSC
B128: KT | C128: MNS | D128: 차감 정책1 | E128: 중복적용 | F128: MNP | G128: A175(키즈폰포함),,M366,M366(MOM),Z2339 캐치콜플러스또는필수팩 미유치 | H128: 5만
D129: 차감 정책2 | E129: 중복적용 | F129: 전유형,전모델 | G129: 캐치콜플러스또는 필수팩유치필수 둘다미유치시-5만/캐치콜만 유치시-2만차감 캐치콜만가입시m+4 | H129: 5만
D130: 부가서비스 미유치 | E130: 중복적용 | G130: 캐치콜 플러스"만" 가입시 M+6유지조건 | H130: 3만
D131: 보험 미유치 | E131: 중복적용 | F131: 전유형 | G131: 보험 미유치 | H131: 3만
C135: 이룸 | D135: 부가서비스 미유치 | F135: 전유형 | G135: 캐치콜 플러스"만" 가입시 M+6유지조건 | H135: 0원
D136: 부가서비스 미유치 | F136: 전유형 | G136: 필수팩, 캐치콜플러스 둘다 미 가입시 | H136: 3만
D137: 보험 미유치 | F137: 전유형 | G137: 보험 미유치 | H137: 1만
D138: 110k요금제 개통시 | F138: 전유형 | G138: 유튭, 넷플릭스 초이스 요금제 미 가입시 -2만 차감 (청소년 제외) | H138: 2만
B140: LG | C140: 마라톤 | D140: OTT 미유치 | E140: 11/1~ | F140: 미유치 | G140: 티빙, 멀티팩 요금제 미유치시 | H140: -10000
D141: 청소년 개통 | E141: 11/1~ | F141: 전유형 | G141: 20~07년생 95요금제 이상 개통시 | H141: -50000
D142: 키즈폰010선약차감 | E142: 3/10~ | F142: 010신규 | G142: 선약개통시-8만 | H142: -80000
D143: 고가 선약개통 | E143: 2/24~ | F143: MNP | G143: 폴드,플립류 아이폰16류,S721,S937 | H143: -60000
...

Sheet LG유선비교
B2: 45780
B3: 골드동판 | F3: 상품권 | G3: 원스톱 | H3: 모바일MNP | I3: 1~7MNP | J3: 3~7MNP | L3: 상품권제외
B4: 프안보 | C4: 프안보1G | D4: 프리미엄 VOD | E4: 89 | F4: 3 | G4: 10 | H4: 20 | I4: 15 | J4: 10 | L4: =SUM(E4:J4) -> 147 | M4: 프리미멈 VOD 안할시 8만 차감
C5: 500M | D5: 프리미엄 VOD | E5: 76 | F5: 3 | G5: 10 | H5: 20 | I5: 15 | J5: 10 | L5: =SUM(E5:J5) -> 134 | N5: 프리미엄은 5만차감
B6: 와이파이 | C6: 1G | D6: 프리미엄 VOD | E6: 84 | G6: 10 | H6: 15 | I6: 15 | J6: 10 | L6: =SUM(E6:J6) -> 134
C7: 500M | D7: 프리미엄 VOD | E7: 73 | G7: 10 | H7: 15 | I7: 15 | J7: 10 | L7: =SUM(E7:J7) -> 123
B9: 마라톤동판 | F9: 상품권 | G9: 원스톱 | H9: 모바일MNP | I9: 프안보 | J9: 3~7MNP | L9: 상품권제외
B10: 프안보 | C10: 프안보1G | D10: 프리미엄 VOD | E10: 89 | F10: 3 | G10: 10 | H10: 30 | I10: 5 | J10: 10 | L10: =SUM(E10:J10) -> 147
C11: 500M | D11: 프리미엄 VOD | E11: 74 | F11: 3 | G11: 10 | H11: 30 | I11: 5 | J11: 10 | L11: =SUM(E11:J11) -> 132
B12: 와이파이 | C12: 1G | D12: 프리미엄 VOD | E12: 79 | G12: 10 | H12: 25 | J12: 10 | L12: =SUM(E12:J12) -> 124
C13: 500M | D13: 프리미엄 VOD | E13: 64 | G13: 10 | H13: 25 | J13: 10 | L13: =SUM(E13:J13) -> 109
B16: 45785
B17: 골드동판 | F17: 상품권 | G17: 원스톱 | H17: 모바일MNP | I17: 1~7MNP | J17: 3~7MNP | L17: 상품권제외
B18: 프안보 | C18: 프안보1G | D18: 프리미엄 VOD | E18: 89 | F18: 3 | G18: 10 | H18: 36 | L18: =SUM(E18:J18) -> 138
C19: 500M | D19: 프리미엄 VOD | E19: 76 | F19: 3 | G19: 10 | H19: 36 | L19: =SUM(E19:J19) -> 125
C20: 프안보1G | D20: 프리미엄 | E20: 84 | F20: 3 | G20: 10 | H20: 36 | L20: =SUM(E20:J20) -> 133
C21: 500M | D21: 프리미엄 | E21: 71 | F21: 3 | G21: 10 | H21: 36 | L21: =SUM(E21:J21) -> 120
B22: 와이파이 | C22: 1G | D22: 프리미엄 VOD | E22: 84 | G22: 10 | H22: 31 | L22: =SUM(E22:J22) -> 125
C23: 500M | D23: 프리미엄 VOD | E23: 73 | G23: 10 | H23: 31 | L23: =SUM(E23:J23) -> 114
C24: 1G | D24: 프리미엄 | E24: 79 | G24: 10 | H24: 31 | L24: =SUM(E24:J24) -> 120
C25: 500M | D25: 프리미엄 | E25: 68 | G25: 10 | H25: 31 | L25: =SUM(E25:J25) -> 109
B27: 마라톤동판 | F27: 상품권 | G27: 원스톱 | H27: 모바일MNP | I27: 프안보 | J27: 3~7MNP | L27: 상품권제외
B28: 프안보 | C28: 프안보1G | D28: 프리미엄 VOD | E28: 89 | F28: 3 | G28: 10 | H28: 30 | I28: 5 | L28: =SUM(E28:J28) -> 137
C29: 500M | D29: 프리미엄 VOD | E29: 74 | F29: 3 | G29: 10 | H29: 30 | I29: 5 | L29: =SUM(E29:J29) -> 122
C30: 프안보1G | D30: 프리미엄 | E30: 87 | F30: 3 | G30: 10 | H30: 30 | I30: 5 | L30: =SUM(E30:J30) -> 135
C31: 500M | D31: 프리미엄 | E31: 72 | F31: 3 | G31: 10 | H31: 30 | I31: 5 | L31: =SUM(E31:J31) -> 120
B32: 와이파이 | C32: 1G | D32: 프리미엄 VOD | E32: 89 | G32: 10 | H32: 25 | L32: =SUM(E32:J32) -> 124
C33: 500M | D33: 프리미엄 VOD | E33: 64 | G33: 10 | H33: 25 | L33: =SUM(E33:J33) -> 99
C34: 1G | D34: 프리미엄 | E34: 87 | G34: 10 | H34: 25 | L34: =SUM(E34:J34) -> 122
C35: 500M | D35: 프리미엄 | E35: 62 | G35: 10 | H35: 25 | L35: =SUM(E35:J35) -> 97
B38: 45794
B39: 골드동판 | F39: 상품권 | G39: 원스톱 | H39: 모바일MNP | I39: 1~7MNP | J39: 3~7MNP
B40: 프안보 | C40: 프안보1G | D40: 프리미엄 VOD | E40: 84 | F40: 3 | G40: 5 | H40: 33 | L40: =SUM(E40:J40) -> 125
C41: 500M | D41: 프리미엄 VOD | E41: 71 | F41: 3 | G41: 5 | H41: 33 | L41: =SUM(E41:J41) -> 112
C42: 프안보1G | D42: 프리미엄 | E42: 74 | F42: 3 | G42: 5 | H42: 33 | L42: =SUM(E42:J42) -> 115
C43: 500M | D43: 프리미엄 | E43: 61 | F43: 3 | G43: 5 | H43: 33 | L43: =SUM(E43:J43) -> 102
B44: 와이파이 | C44: 1G | D44: 프리미엄 VOD | E44: 84 | G44: 5 | H44: 28 | L44: =SUM(E44:J44) -> 117
